"source","term_name","term_id","adjusted_p_value","negative_log10_of_adjusted_p_value","term_size","query_size","intersection_size","effective_domain_size","intersections"
"GO:MF","protein tyrosine kinase activity","GO:0004713","0.00015612439948667537","3.806529219074972","114","3324","45","17371","EPHA2,EPHA8,LCK,TIE1,JAK1,PKDCC,EFEMP1,NRP2,EPHA4,MST1R,EPHB1,TNK2,FGFR3,TEC,PDGFRA,KIT,KDR,PDGFRB,FGFR4,EPHA7,FYN,BAZ1B,MET,HIPK2,EPHA1,PDGFRL,PTK2B,LYN,TEK,SYK,ROR2,ABL1,NRP1,RET,FGFR2,STYK1,ERBB3,FLT1,NTRK3,ERBB2,AATK,MATK,AXL,HCK,SRC"
"GO:MF","calmodulin binding","GO:0005516","0.0006190463266253408","3.2082768491302707","101","3324","40","17371","ATP5IF1,KCNN3,RIT1,RGS16,MAPKAPK2,CAMK1G,RYR2,STRN,CAMK1,SCN5A,CAMKV,PPP3CA,CAMK2D,IQGAP2,CAMK4,MYO6,CALD1,PPP3CC,KCNQ3,UNC13B,DAPK1,CDK5RAP2,CAMSAP1,MYO3A,FAS,KCNQ1,SYT7,MYO7A,TRPV4,AKT1,TRPV1,MYO1D,NGFR,MBP,MKNK2,UNC13A,KCNN1,STRN4,PLCB1,PNCK"
"GO:MF","transmembrane receptor protein tyrosine kinase activity","GO:0004714","0.0007589946798691576","3.11976126825678","61","3324","28","17371","EPHA2,EPHA8,TIE1,EFEMP1,NRP2,EPHA4,MST1R,EPHB1,FGFR3,PDGFRA,KIT,KDR,PDGFRB,FGFR4,EPHA7,MET,EPHA1,PDGFRL,TEK,ROR2,NRP1,RET,FGFR2,ERBB3,FLT1,NTRK3,ERBB2,AXL"
"GO:MF","integrin binding","GO:0005178","0.0008368592622384394","3.077347572798234","131","3324","48","17371","ISG15,PLPP3,TNN,ACTN2,ITGB1BP1,EMILIN1,FN1,LAMB2,KDR,SPP1,NPNT,FGF2,SFRP2,EDIL3,TGFBI,TNXB,DST,ITGB8,PPIA,ADAM22,SYK,ADAMTS13,CXCL12,FERMT3,ACTN3,THY1,ADAMTS8,VWF,CD9,LCP1,FERMT2,FBLN5,THBS1,FBN1,EMP2,CX3CL1,PRKCA,MADCAM1,ICAM1,ICAM3,LTBP4,CD177,FERMT1,SRC,LAMA5,JAM2,MYH9,EGFL6"
"GO:MF","growth factor binding","GO:0019838","0.00117511368681759","2.929920115375959","114","3324","43","17371","EPHA2,IL6R,LRP2,NRP2,IGFBP2,IGFBP5,TGFBR2,SCN5A,HYAL2,NRROS,FGFR3,PDGFRA,KDR,NKD2,LIFR,OSMR,IL6ST,PDGFRB,FGFR4,CD109,PDGFA,IGFBP3,IL11RA,ENG,NRP1,FGFR2,LRRC32,TSKU,COL2A1,ERBB3,FLT1,THBS1,NTRK3,FURIN,WFIKKN1,RPS2,VASN,ERBB2,IGFBP4,NGFR,LTBP4,NLRP7,COL6A1"
"GO:MF","scaffold protein binding","GO:0097110","0.0015559824119065972","2.8079953163791593","50","3324","24","17371","KIF1B,CASP8,SCN5A,GRM2,P2RY1,NLGN1,GRID2,PDE4D,DSP,KCNH2,SYK,VIM,KCNQ1,ITPR2,NOS1,CIT,AKAP5,CACNA1H,PLCG2,DLG4,UBTF,SHANK1,SRC,NLGN4X"
"GO:MF","chemorepellent activity","GO:0045499","0.00329252782591373","2.482470546027615","25","3324","15","17371","SEMA6C,SEMA4A,SEMA4F,DPP4,SEMA3F,SEMA3B,SEMA3G,SEMA5B,SEMA6A,EPHA7,SEMA3C,SEMA3E,SEMA3D,SEMA6D,SEMA6B"
"GO:MF","transmembrane receptor protein kinase activity","GO:0019199","0.005318439645829312","2.2742157648108363","80","3324","32","17371","EPHA2,EPHA8,TIE1,EFEMP1,NRP2,EPHA4,TGFBR2,MST1R,EPHB1,FGFR3,PDGFRA,KIT,KDR,BMPR1B,PDGFRB,FGFR4,EPHA7,MET,EPHA1,PDGFRL,TEK,ROR2,ENG,NRP1,RET,FGFR2,ERBB3,FLT1,NTRK3,ERBB2,LTBP4,AXL"
"GO:MF","ATPase-coupled intramembrane lipid transporter activity","GO:0140326","0.010466453858102272","1.9802004368239752","24","3324","14","17371","ATP8B2,ATP8A1,ABCA1,ABCA2,ATP8A2,ATP11A,TMEM30B,ATP10A,ATP8B1,ABCA7,ATP8B3,ATP9A,ABCG1,ATP11C"
"GO:MF","extracellular matrix structural constituent","GO:0005201","0.023811604324175884","1.6232113427024593","170","3324","54","17371","AGRN,TINAGL1,COL8A2,COL11A1,ECM1,THBS3,LAMC1,LAMC2,MATN3,EMILIN1,EFEMP1,COL5A2,FN1,CRELD1,COL7A1,LAMB2,ZPLD1,FRAS1,NPNT,COL25A1,VCAN,HAPLN1,EDIL3,TGFBI,COL23A1,TNXB,COL21A1,COL9A1,COL12A1,LAMA4,THBS2,TFPI2,MUC3A,COL22A1,TNC,HMCN2,MMRN2,VWF,COL2A1,LTBP2,FBLN5,THBS1,FBN1,ACAN,MFAP4,EMILIN2,LTBP4,EMILIN3,LAMA5,COL9A3,COL6A1,MXRA5,COL4A6,COL4A5"
"GO:MF","semaphorin receptor binding","GO:0030215","0.03239141772004297","1.4895700432057208","23","3324","13","17371","SEMA6C,SEMA4A,SEMA4F,SEMA3F,SEMA3B,SEMA3G,SEMA5B,SEMA6A,SEMA3C,SEMA3E,SEMA3D,SEMA6D,SEMA6B"
"GO:MF","transcription corepressor activity","GO:0003714","0.04012025364399758","1.396636329992589","173","3324","54","17371","SPEN,WNT4,PBXIP1,ARID5A,LMCD1,PARP14,TFAP2A,CITED2,JAZF1,HIPK2,RUNX1T1,TLE4,TLE1,ZMYND11,ANKRD1,LCOR,SUFU,CTBP2,TRIM22,ATN1,YAF2,NAB2,KMT5A,NCOR2,SAP18,APEX1,AJUBA,IRF2BPL,SIN3A,CREBBP,CRYM,CDYL2,CBFA2T3,C1QBP,NCOR1,PHF12,EZH1,PHB,SRSF2,CBX4,RBBP8,TLE6,TLE2,TLE5,ZNF653,WTIP,EID2B,MAP3K10,PPP1R13L,DNMT3B,NRIP1,TBL1X,RLIM,TBL1Y"
"GO:BP","regulation of neuron projection development","GO:0010975","1.4639958264305787e-10","9.834460161365573","292","3216","111","16592","MACF1,MFSD2A,LRP8,SEMA6C,SEMA4A,CAMSAP2,PLXNA2,WNT3A,CCDC88A,BCL11A,SEMA4F,CTNNA2,CHN1,MAP2,EPHA4,NGEF,RAB17,CAMK1,GOLGA4,SEMA3F,SEMA3B,SEMA3G,SEMA5B,KALRN,PLXNA1,SKIL,TNIK,NLGN1,CRMP1,SLIT2,RUFY3,SEMA6A,MYLIP,MBOAT1,KIAA0319,PACSIN1,CUL7,VEGFA,BMP5,ADGRB3,FUT9,RTN4IP1,TIAM2,HECW1,COBL,MAGI2,SEMA3C,SEMA3E,SEMA3D,FZD1,GPC2,RELN,CDK5,LZTS1,PTK2B,LYN,SDC2,ARC,KANK1,ROR2,LPAR1,DAB2IP,RAPGEF1,NSMF,NRP1,RET,PTEN,SHTN1,KNDC1,BRSK2,DENND5A,LRRC4C,MAP6,TSKU,PAK1,THY1,CAPRIN2,ADCY6,TRPV4,SLITRK1,RAP2A,AKT1,SEMA6D,ISLR2,CHRNA3,MINAR1,NTRK3,METRN,STX1B,CX3CL1,RTN4RL1,ATP1B2,CDK5R1,ABI3,NGFR,TANC2,CDH2,DCC,SEMA6B,PTPRS,SCN1B,KLK8,BRSK1,BMP7,TIAM1,PLA2G3,PLXNB2,EFHC2,PAK3,FGF13,GDI1"
"GO:BP","neuron projection guidance","GO:0097485","1.722083479342731e-8","7.763945799607596","213","3216","84","16592","EPHA2,EPHA8,DAB1,NOTCH2,SEMA6C,SEMA4A,IGSF9,LAMC2,PLXNA2,DPYSL5,NRXN1,SPTBN1,SEMA4F,CXCR4,CHN1,NRP2,EPHA4,SEMA3F,SEMA3B,SEMA3G,SEMA5B,PLXNA1,EPHB1,SLIT2,UNC5C,PALLD,ZSWIM6,PIK3R1,EFNA5,SEMA6A,GFRA3,SLIT3,UNC5A,PDLIM7,TUBB2B,VEGFA,EPHA7,FYN,EZR,GRB10,SEMA3C,SEMA3E,SEMA3D,RELN,EPHA1,GFRA2,NFIB,SHC3,SPTAN1,PRKCQ,KIF5B,NRP1,RET,CXCL12,UNC5B,LGI1,SLIT1,SPTBN2,GAB2,ROBO3,KIF5A,OTX2,SPTB,NRXN3,RPS6KA5,EVL,SEMA6D,TUBB3,CDK5R1,LHX1,PRKCA,PTPRM,DCC,SEMA6B,SCN1B,PTPRA,SRC,VSTM2L,DOK5,LAMA5,PLXNB2,SH3KBP1,OPHN1,EFNB1"
"GO:BP","axon guidance","GO:0007411","1.722083479342731e-8","7.763945799607596","213","3216","84","16592","EPHA2,EPHA8,DAB1,NOTCH2,SEMA6C,SEMA4A,IGSF9,LAMC2,PLXNA2,DPYSL5,NRXN1,SPTBN1,SEMA4F,CXCR4,CHN1,NRP2,EPHA4,SEMA3F,SEMA3B,SEMA3G,SEMA5B,PLXNA1,EPHB1,SLIT2,UNC5C,PALLD,ZSWIM6,PIK3R1,EFNA5,SEMA6A,GFRA3,SLIT3,UNC5A,PDLIM7,TUBB2B,VEGFA,EPHA7,FYN,EZR,GRB10,SEMA3C,SEMA3E,SEMA3D,RELN,EPHA1,GFRA2,NFIB,SHC3,SPTAN1,PRKCQ,KIF5B,NRP1,RET,CXCL12,UNC5B,LGI1,SLIT1,SPTBN2,GAB2,ROBO3,KIF5A,OTX2,SPTB,NRXN3,RPS6KA5,EVL,SEMA6D,TUBB3,CDK5R1,LHX1,PRKCA,PTPRM,DCC,SEMA6B,SCN1B,PTPRA,SRC,VSTM2L,DOK5,LAMA5,PLXNB2,SH3KBP1,OPHN1,EFNB1"
"GO:BP","developmental growth involved in morphogenesis","GO:0060560","2.516712081381227e-8","7.599166466064524","133","3216","60","16592","MACF1,S1PR1,SEMA6C,SEMA4A,TNN,SYT2,BCL11A,SEMA4F,NRP2,MAP2,CPNE9,GOLGA4,SEMA3F,SEMA3B,SEMA3G,SEMA5B,SLIT2,RUFY3,SEMA6A,JADE2,SLIT3,KIAA0319,VEGFA,RIMS1,COBL,AUTS2,MAGI2,SEMA3C,SEMA3E,SEMA3D,SMURF1,CDK5,RIMS2,SH3GL2,ABL1,OLFM1,NRP1,SLIT1,SHTN1,FGFR2,SYT1,ULK1,BMP4,SIX1,SEMA6D,ISLR2,SIN3A,SYT17,SALL1,ULK2,SOX9,RNF157,SYT4,DCC,SEMA6B,PTPRS,UNC13A,FLRT3,WNT7B,FGF13"
"GO:BP","developmental growth","GO:0048589","2.645305072292925e-7","6.577524235321322","293","3216","103","16592","AGRN,KDF1,MACF1,MFSD2A,DMBX1,LEPR,S1PR1,SEMA6C,SEMA4A,TNN,SYT2,TGFB2,BCL11A,SEMA4F,MBD5,CFLAR,NRP2,MAP2,CPNE9,GOLGA4,SEMA3F,SEMA3B,SEMA3G,SEMA5B,FGFR3,EVC,SLIT2,TEC,RUFY3,BMPR1B,PPP3CA,FGF2,WWC2,SORBS2,SEMA6A,JADE2,SLIT3,EDN1,KIAA0319,CDKN1A,VEGFA,RIMS1,DLL1,COBL,AUTS2,MAGI2,SEMA3C,SEMA3E,SEMA3D,SMURF1,CDK5,STC1,RIMS2,CER1,SH3GL2,ANXA1,GAS1,ABL1,OLFM1,NRP1,PTEN,SLIT1,SHTN1,FGFR2,ACTN3,SHANK2,TSKU,CD9,GLI1,SYT1,TBX5,ULK1,LATS2,BMP4,SIX1,APBA2,SEMA6D,PPIB,ISLR2,STRA6,SIN3A,SYT17,SALL1,SOX15,ULK2,STAT5B,SOX9,RNF157,SYT4,DCC,SEMA6B,PTPRS,UNC13A,GDF15,SHANK1,PLCB1,FLRT3,LARGE1,WNT7B,NLGN4X,WWC3,FGF13,DUSP9"
"GO:BP","regulation of axonogenesis","GO:0050770","7.147195552041075e-7","6.145864335149355","103","3216","48","16592","MACF1,SEMA6C,SEMA4A,PLXNA2,BCL11A,SEMA4F,CHN1,MAP2,EPHA4,GOLGA4,SEMA3F,SEMA3B,SEMA3G,SEMA5B,PLXNA1,SKIL,SLIT2,RUFY3,SEMA6A,KIAA0319,VEGFA,TIAM2,SEMA3C,SEMA3E,SEMA3D,NRP1,PTEN,SHTN1,BRSK2,LRRC4C,MAP6,PAK1,THY1,SLITRK1,SEMA6D,ISLR2,METRN,NGFR,CDH2,DCC,SEMA6B,PTPRS,BRSK1,TIAM1,PLXNB2,PAK3,FGF13,GDI1"
"GO:BP","neuron projection extension","GO:1990138","0.000002199700234187961","5.65763649895428","109","3216","49","16592","MACF1,SEMA6C,SEMA4A,TNN,SYT2,BCL11A,SEMA4F,NRP2,MAP2,CPNE9,GOLGA4,SEMA3F,SEMA3B,SEMA3G,SEMA5B,SLIT2,RUFY3,SEMA6A,JADE2,SLIT3,KIAA0319,VEGFA,RIMS1,AUTS2,SEMA3C,SEMA3E,SEMA3D,SMURF1,CDK5,RIMS2,SH3GL2,ABL1,OLFM1,NRP1,SLIT1,SHTN1,SYT1,ULK1,SEMA6D,ISLR2,SIN3A,SYT17,ULK2,RNF157,SYT4,SEMA6B,PTPRS,UNC13A,FLRT3"
"GO:BP","regulation of nervous system development","GO:0051960","0.000003420604959601855","5.465897078919727","263","3216","92","16592","AGRN,HES5,HES3,HES2,SPEN,MACF1,HEYL,LRP8,SEMA6C,SEMA4A,PLXNA2,WNT3A,SOX11,NRXN1,BCL11A,SEMA4F,CXCR4,LRP2,MAP2,HES6,PER2,BHLHE40,GOLGA4,SEMA3F,SEMA3B,SEMA3G,SEMA5B,KALRN,PLXNA1,EPHB1,CLSTN2,MME,SKIL,NLGN1,SLIT2,RUFY3,GRID2,SEMA6A,JADE2,RGS14,KIAA0319,CUL7,VEGFA,HEY2,TIAM2,DLL1,NSUN5,SEMA3C,SEMA3E,SEMA3D,RELN,SMARCD3,HOOK3,NRP1,EGR2,PTEN,SLIT1,SHTN1,ARNTL,PAX6,CLCF1,MAP6,THY1,SORL1,CAPRIN2,NAP1L1,APPL2,RNF10,SLITRK1,SLITRK5,PRKCH,SEMA6D,ISLR2,METRN,SOX8,CX3CL1,IL34,SERPINF1,WNT3,NGFR,DCC,SEMA6B,PTPRS,LDLR,LRRC4B,KLK8,BMP2,JAM2,TIAM1,PLXNB2,FGF13,GDI1"
"GO:BP","regulation of neurogenesis","GO:0050767","0.0000040758491105556024","5.389781902110666","219","3216","80","16592","HES5,HES3,HES2,SPEN,MACF1,HEYL,LRP8,SEMA6C,SEMA4A,PLXNA2,WNT3A,SOX11,BCL11A,SEMA4F,CXCR4,LRP2,MAP2,HES6,PER2,BHLHE40,GOLGA4,SEMA3F,SEMA3B,SEMA3G,SEMA5B,KALRN,PLXNA1,MME,SKIL,SLIT2,RUFY3,SEMA6A,JADE2,RGS14,KIAA0319,CUL7,VEGFA,HEY2,TIAM2,DLL1,SEMA3C,SEMA3E,SEMA3D,RELN,SMARCD3,HOOK3,NRP1,EGR2,PTEN,SHTN1,ARNTL,PAX6,CLCF1,MAP6,THY1,SORL1,CAPRIN2,NAP1L1,APPL2,RNF10,SLITRK1,PRKCH,SEMA6D,ISLR2,METRN,SOX8,CX3CL1,IL34,SERPINF1,WNT3,NGFR,DCC,SEMA6B,PTPRS,LDLR,BMP2,TIAM1,PLXNB2,FGF13,GDI1"
"GO:BP","mesenchyme development","GO:0060485","0.000022576551622394947","4.646342392160091","230","3216","81","16592","PDPN,WNT4,HEYL,SEMA6C,SEMA4A,TGFB2,ACTA1,SOX11,ROCK2,SEMA4F,FN1,CRELD1,EOMES,TGFBR2,SEMA3F,SEMA3B,SEMA3G,PHLDB2,USF3,SEMA5B,LEF1,PITX2,SFRP2,SEMA6A,CUL7,BMP5,HEY2,CITED2,SEMA3C,SEMA3E,SEMA3D,NOS3,ZNF703,SFRP1,SNAI2,HAS2,MYC,FOXH1,CER1,DAB2IP,CRB2,ENG,OLFM1,GATA3,BAMBI,NRP1,NODAL,PTEN,ACTA2,PAX2,FGF8,PDCD4,FGFR2,APLNR,FOLR1,WNT11,TBX5,TBX3,FERMT2,BMP4,SIX1,GSC,GREM1,ACTC1,SPRED1,SEMA6D,SOX8,VASN,TGFB1I1,MEOX1,SOX9,CDH2,SMAD7,SEMA6B,BMP2,JAG1,OVOL2,BMP7,TIAM1,TBX1,SOX10"
"GO:BP","developmental cell growth","GO:0048588","0.00002375761969977874","4.624197073919629","136","3216","55","16592","MACF1,SEMA6C,SEMA4A,TNN,SYT2,BCL11A,SEMA4F,NRP2,MAP2,CPNE9,GOLGA4,SEMA3F,SEMA3B,SEMA3G,SEMA5B,SLIT2,RUFY3,SORBS2,SEMA6A,JADE2,SLIT3,EDN1,KIAA0319,VEGFA,RIMS1,COBL,AUTS2,SEMA3C,SEMA3E,SEMA3D,SMURF1,CDK5,RIMS2,SH3GL2,ABL1,OLFM1,NRP1,SLIT1,SHTN1,SYT1,ULK1,SEMA6D,ISLR2,SIN3A,SYT17,ULK2,SOX9,RNF157,SYT4,DCC,SEMA6B,PTPRS,UNC13A,FLRT3,FGF13"
"GO:BP","negative regulation of neuron projection development","GO:0010977","0.00010916927512279832","3.9618995733728957","90","3216","40","16592","SEMA6C,SEMA4A,WNT3A,BCL11A,SEMA4F,MAP2,EPHA4,NGEF,SEMA3F,SEMA3B,SEMA3G,SEMA5B,NLGN1,CRMP1,RUFY3,SEMA6A,MYLIP,KIAA0319,SEMA3C,SEMA3E,SEMA3D,KANK1,LPAR1,PTEN,DENND5A,TSKU,THY1,ADCY6,TRPV4,SEMA6D,MINAR1,STX1B,RTN4RL1,NGFR,DCC,SEMA6B,PTPRS,KLK8,FGF13,GDI1"
"GO:BP","epithelial tube formation","GO:0072175","0.00012335325039099985","3.9088494022482076","56","3216","29","16592","DVL1,LUZP1,GRHL3,TGFB2,SOX11,LRP2,EGF,FGF2,VEGFA,BMP5,COBL,PODXL,DLC1,GRHL2,GATA3,PAX2,FGFR2,FOLR1,PRICKLE1,CEP290,KDM2B,BMP4,SIX1,MTHFD1,SOX8,SOX9,BMP7,CELSR1,PLXNB2"
"GO:BP","synapse organization","GO:0050808","0.00015284233138286772","3.815756346415502","266","3216","88","16592","AGRN,DVL1,IGSF21,LRP8,SEMA4A,PPFIA4,WNT3A,NRXN1,CTNNA2,EPHA4,DNER,NGEF,RAB17,SETD5,CAMK1,KALRN,EPHB1,CLSTN2,SLITRK3,NLGN1,LGI2,GRID2,GPM6A,CTNND2,PCDHB4,PCDHB9,PCDHB10,PCDHB11,GABRB2,SNCB,MDGA1,FYN,ELFN1,SEMA3E,FZD1,RELN,CDK5,ZDHHC2,ARC,UNC13B,DAB2IP,ZDHHC12,ABL1,CEL,CACNB2,ARHGAP22,DKK1,SNCG,PTEN,SLIT1,LRRC4C,SHANK2,PPFIBP1,CAPRIN2,CACNB3,POU4F1,SLITRK1,SLITRK5,LRFN5,GABRB3,ABHD17C,CX3CL1,CDH1,DLG4,SHISA6,CDK5R1,ABI3,TANC2,SDK2,CDH2,PTPRS,C3,ADGRL1,UNC13A,RAB3A,SLC8A2,LRRC4B,SHANK1,KLK8,PRNP,FLRT3,DIP2A,CHCHD10,WNT7B,PLXNB2,NLGN4X,PAK3,FGF13"
"GO:BP","neuron projection extension involved in neuron projection guidance","GO:1902284","0.00016009833401036566","3.7956131873428465","29","3216","19","16592","SEMA6C,SEMA4A,SEMA4F,NRP2,SEMA3F,SEMA3B,SEMA3G,SEMA5B,SLIT2,SEMA6A,SLIT3,VEGFA,SEMA3C,SEMA3E,SEMA3D,NRP1,SLIT1,SEMA6D,SEMA6B"
"GO:BP","axon extension involved in axon guidance","GO:0048846","0.00016009833401036566","3.7956131873428465","29","3216","19","16592","SEMA6C,SEMA4A,SEMA4F,NRP2,SEMA3F,SEMA3B,SEMA3G,SEMA5B,SLIT2,SEMA6A,SLIT3,VEGFA,SEMA3C,SEMA3E,SEMA3D,NRP1,SLIT1,SEMA6D,SEMA6B"
"GO:BP","tube formation","GO:0035148","0.0002008918547999735","3.697037671450542","63","3216","31","16592","DVL1,LUZP1,GRHL3,TGFB2,SOX11,ITGB1BP1,LRP2,EGF,FGF2,VEGFA,BMP5,COBL,PODXL,DLC1,GRHL2,DAB2IP,GATA3,PAX2,FGFR2,FOLR1,PRICKLE1,CEP290,KDM2B,BMP4,SIX1,MTHFD1,SOX8,SOX9,BMP7,CELSR1,PLXNB2"
"GO:BP","regulation of trans-synaptic signaling","GO:0099177","0.00029347867617745096","3.5324234486068207","246","3216","82","16592","PRKCZ,DLGAP3,GRIK3,LRP8,SYT11,ATP1A2,NRXN1,EPHA4,GRM2,CLSTN2,NLGN1,CPLX1,NSG1,NMU,GRID2,MCTP1,RGS14,AGER,SYNGAP1,RIMS1,ADCY1,AKAP9,VGF,RELN,DGKI,CDK5,ZDHHC2,LZTS1,PTK2B,FABP5,CALB1,RIMS2,ARC,SLC24A2,ZDHHC12,ABL1,CEL,NSMF,PTEN,LGI1,SYT7,SHANK2,NTF3,KCNMB4,SYT1,JPH4,NFATC4,AKAP5,APBA2,MAP1A,CHRNA3,CHRNB4,MCTP2,SHISA9,PRRT2,KCTD13,STX1B,CX3CL1,CALB2,JPH3,ABR,DLG4,SHISA6,CACNG5,DLGAP1,CDH2,NETO1,CACNA1A,UNC13A,RAB3A,TSHZ3,GRIK5,SLC8A2,SHANK1,BRSK1,DLGAP4,BCR,SYN3,NLGN4X,SYP,IQSEC2,OPHN1"
"GO:BP","dendrite development","GO:0016358","0.0002989021772594962","3.5244709214667713","152","3216","57","16592","DVL1,MFSD2A,FOXO6,LRP8,LAMC2,CAMSAP2,STRN,BCL11A,CTNNA2,MAP2,EPHA4,NGEF,RAB17,CAMK1,IQSEC1,KALRN,EPHB1,TNIK,NLGN1,CTNND2,PHACTR1,KIAA0319,PACSIN1,CUL7,BMP5,ADGRB3,RTN4IP1,HECW1,COBL,RELN,CDK5,LZTS1,SDC2,ARC,DAB2IP,NSMF,NRP1,PTEN,KNDC1,SHANK2,MAP6,CAPRIN2,SLITRK5,RAP2A,MAP1A,CHRNA3,MINK1,DLG4,CDK5R1,ABI3,TANC2,DCC,PTPRS,SHANK1,BMP7,DIP2A,PAK3"
"GO:BP","negative regulation of cell projection organization","GO:0031345","0.0003417437435134497","3.4662994275500654","131","3216","51","16592","ODF2L,SEMA6C,SEMA4A,WNT3A,NRXN1,BCL11A,SEMA4F,MAP2,EPHA4,NGEF,SEMA3F,SEMA3B,SEMA3G,SEMA5B,NLGN1,CRMP1,SLIT2,RUFY3,ARHGAP24,SEMA6A,MYLIP,KIAA0319,FYN,SEMA3C,SEMA3E,SEMA3D,KANK1,TESK1,LPAR1,PTEN,DENND5A,TSKU,THY1,ADCY6,TRPV4,TCHP,EVL,SEMA6D,MINAR1,STX1B,RTN4RL1,ABI3,NGFR,DCC,SEMA6B,PTPRS,EVI5L,KLK8,PRNP,FGF13,GDI1"
"GO:BP","actomyosin structure organization","GO:0031032","0.00035676884861981936","3.447613073194843","171","3216","62","16592","ASAP3,S100A10,CASQ1,LMOD1,ACTA1,ACTN2,ITGB1BP1,ROCK2,CCDC88A,CFLAR,CD47,PHLDB2,LIMCH1,PDGFRA,FHDC1,PIK3R1,PDGFRB,EDN1,PHACTR1,CARMIL1,MET,EPHA1,ARHGEF5,ARHGEF10,MYOM2,DLC1,SFRP1,TESK1,TMOD1,EPB41L4B,LPAR1,ABL1,TSC1,NEBL,NRP1,ANKRD1,PDLIM1,SORBS1,ARRB1,WNT11,PAK1,CIT,FRMD6,FERMT2,EVL,CDC42BPB,ACTC1,TMOD2,TMOD3,CGNL1,TPM1,KCTD13,PFN1,MYO18A,KRT19,EPB41L3,FHOD3,MYH14,TNNT1,EPB41L1,SRC,MYH9"
"GO:BP","alcohol metabolic process","GO:0006066","0.00040857826926503","3.388724735572524","299","3216","95","16592","H6PD,DHRS3,AKR7A2,WNT4,DHCR24,PLPP3,HSD17B7,SOAT1,ITPKB,CYP1B1,SPR,INPP4A,SULT1C4,IDH1,PLCD4,SGPP2,INPP5D,HDLBP,PTH1R,QDPR,SRD5A3,NAAA,COQ2,FGF2,MSMO1,HMGCS1,PLPP1,HMGCR,IP6K3,PPARD,BMP5,COQ3,NUS1,SYNJ2,ACAT2,CYP51A1,NOS3,INSIG1,FDFT1,PTK2B,EPHX2,RDH10,SQLE,TTC39B,ABCA1,CEL,RXRA,ABCA2,IDI1,AKR1C3,IPMK,PTEN,PLCE1,OSBPL5,DHCR7,TSKU,SC5D,GNB3,LPCAT3,MVK,GCH1,RDH11,SPTLC2,ITPK1,AKT1,PLCB2,GCHFR,CLN6,CYP1A1,IDH3A,CACNA1H,GDPD3,LCAT,PLCG2,MBTPS1,MVD,ACADVL,SREBF1,ACLY,PLCD3,ACAA2,PLPP2,ISYNA1,BMP2,PLCB1,SPTLC3,ACSS1,ACSS2,ABCG1,LSS,PDXP,EBP,NUDT10,NUDT11,NSDHL"
"GO:BP","regulation of canonical Wnt signaling pathway","GO:0060828","0.0004663593887267607","3.331279275615654","268","3216","87","16592","DVL1,WLS,PSMB4,TNN,WNT3A,PPM1B,ZEB2,LYPD6,FRZB,FZD7,IGFBP2,TMEM198,RUVBL1,EGF,TMEM131L,SFRP2,NKD2,CTNND2,MCC,POU5F1,PSMB8,ANKRD6,GLI3,HECW1,PSMC2,CAV1,ZNF703,ADGRA2,SFRP1,SNAI2,TMEM64,KANK1,MLLT3,GNAQ,TLE4,TLE1,WNK2,INVS,DAB2IP,RAPGEF1,BAMBI,DKK1,HHEX,FRAT1,SFRP5,FGFR2,ARNTL,FOLR1,WNT11,WNK1,CAPRIN2,PRICKLE1,LMBR1L,GLI1,LGR5,LATS2,PSMB5,PSME1,DACT1,CCDC88C,GREM1,CSNK1G1,PSMA4,LRRK1,AXIN1,GPRC5B,CDH3,TMEM88,SHISA6,PSMB3,IGFBP4,PSME3,SOX9,STK11,CSNK1G2,TLE6,TLE2,TLE5,DAPK3,PPM1N,PLEKHA4,TRPM4,DKKL1,BMP2,STK4,TBL1X,GPC3"
"GO:BP","modulation of chemical synaptic transmission","GO:0050804","0.0005154354317492999","3.2878257307515417","245","3216","81","16592","PRKCZ,DLGAP3,GRIK3,LRP8,SYT11,ATP1A2,NRXN1,EPHA4,GRM2,CLSTN2,NLGN1,CPLX1,NSG1,NMU,GRID2,MCTP1,RGS14,AGER,SYNGAP1,RIMS1,ADCY1,AKAP9,VGF,RELN,DGKI,CDK5,ZDHHC2,LZTS1,PTK2B,CALB1,RIMS2,ARC,SLC24A2,ZDHHC12,ABL1,CEL,NSMF,PTEN,LGI1,SYT7,SHANK2,NTF3,KCNMB4,SYT1,JPH4,NFATC4,AKAP5,APBA2,MAP1A,CHRNA3,CHRNB4,MCTP2,SHISA9,PRRT2,KCTD13,STX1B,CX3CL1,CALB2,JPH3,ABR,DLG4,SHISA6,CACNG5,DLGAP1,CDH2,NETO1,CACNA1A,UNC13A,RAB3A,TSHZ3,GRIK5,SLC8A2,SHANK1,BRSK1,DLGAP4,BCR,SYN3,NLGN4X,SYP,IQSEC2,OPHN1"
"GO:BP","regulation of cell junction assembly","GO:1901888","0.0005368201237736467","3.2701712121385498","147","3216","55","16592","AGRN,EPHA2,RCC2,MACF1,S100A10,SEMA4A,WNT3A,ITGB1BP1,ROCK2,NRXN1,RAB17,SETD5,PHLDB2,EPHB1,CLSTN2,SLITRK3,NLGN1,LIMCH1,KDR,GRID2,EFNA5,MDGA1,VEGFA,CLDN3,CAV1,CNTNAP2,DLC1,SFRP1,SNAI2,TEK,ABL1,RAPGEF1,TSC1,NRP1,PTEN,SLIT1,SLK,APLNR,THY1,TBX5,SLITRK1,SLITRK5,LRFN5,FERMT2,PRKCH,THBS1,IRX3,MYO1C,ABI3,DAPK3,CRB3,LRRC4B,PTPRA,SRC,GPM6B"
"GO:BP","epithelial tube morphogenesis","GO:0060562","0.0006352776133508706","3.1970364485675993","166","3216","60","16592","DVL1,RNF207,EPHA2,LUZP1,GRHL3,TIE1,TGFB2,RYR2,SOX11,LRP2,EOMES,TGFBR2,SLIT2,KDR,NPNT,EGF,FGF2,SFRP2,VEGFA,BMP5,AHI1,DLL1,COBL,SEMA3E,MET,PODXL,DLC1,NKX3-1,GRHL2,MYC,ENG,GATA3,NRP1,PAX2,FGFR2,APLNR,LRP5,FOLR1,WNT11,PAK1,PRICKLE1,CEP290,TBX3,KDM2B,STARD13,SETDB2,BMP4,SIX1,MTHFD1,SOX8,PKD1,SALL1,LHX1,SOX9,CCDC40,BMP2,BMP7,CELSR1,PLXNB2,GPC3"
"GO:BP","protein autophosphorylation","GO:0046777","0.0006652126633684771","3.1770394918958367","200","3216","69","16592","PINK1,EPHA8,MAPKAPK2,PPP2R5A,MAP3K21,EPHA4,EPHB1,TNIK,FGFR3,TEC,PDGFRA,KIT,KDR,CAMK2D,CAMK4,PDGFRB,STK10,FGFR4,VEGFA,EPHA7,ENPP1,PDGFA,CAV1,EPHA1,PTK2B,LYN,MAPK15,TEK,TESK1,DAPK1,WNK2,ENG,ABL1,MYO3A,SLK,GRK5,FGFR2,HTATIP2,MAP3K11,PAK1,PDGFD,MAP3K12,TAOK3,ULK1,FLT1,RAP2A,MAP3K9,AKT1,GREM1,MVP,MINK1,ULK2,TAOK1,ERBB2,MAP3K3,AATK,STK11,MKNK2,DAPK3,MAP3K10,NLRP12,RASSF2,HCK,SRC,STK4,PIM3,PIM2,TAF1,IRAK1"
"GO:BP","regulation of cell morphogenesis","GO:0022604","0.0007427676747479555","3.129147005018507","243","3216","80","16592","DVL1,PDPN,RCC2,MACF1,MFSD2A,LRP8,S100A10,SYT2,PLXNA2,RHOU,ITGB1BP1,LIMS2,ARHGAP15,RND3,FMNL2,CPNE9,FGD5,KALRN,PLXNA1,P2RY1,KIT,KDR,AP1AR,RHOBTB3,EFNA5,SPRY4,NEDD9,CARMIL1,CUL7,VEGFA,RIMS1,FYN,ARHGAP18,EZR,CLDN3,CLDN4,SEMA3E,SMURF1,RELN,DLC1,DOCK5,PTK2B,RIMS2,ARC,KANK1,TESK1,ANXA1,LPAR1,ABL1,CAMSAP1,BAMBI,NRP1,DNMBP,PDZD8,DOCK1,CD44,CAPRIN2,GRIP1,SYT1,WASF3,FERMT2,ATP10A,TPM1,MYO9A,SYT17,C1QBP,DLG4,RND2,RNF157,EPB41L3,SYT4,UNC13A,WTIP,HCK,SRC,MYH9,TRIOBP,PLXNB2,SH3KBP1,FGD1"
"GO:BP","stem cell differentiation","GO:0048863","0.0007905818748724472","3.1020531466501606","197","3216","68","16592","HES5,TAL1,SEMA6C,PSMB4,SEMA4A,TGFB2,WNT3A,SOX11,EPCAM,SEMA4F,FN1,SETD2,SEMA3F,SEMA3B,SEMA3G,SEMA5B,GATA2,PDGFRA,KIT,PITX2,GPM6A,NSUN2,SEMA6A,JARID2,RBM24,PSMB8,MYB,SEMA3C,SEMA3E,SEMA3D,FZD1,PSMC2,SFRP1,SNAI2,MLLT3,ABL1,GATA3,NRP1,PAX2,FGFR2,LMO1,LMO2,FOLR1,SOX5,PRICKLE1,LMBR1L,TBX5,SOX21,PSMB5,PSME1,ESRRB,GSC,GREM1,SEMA6D,PSMA4,SOX8,SETD1A,PSMB3,PSME3,MEOX1,WNT3,SOX9,CDH2,SEMA6B,JAG1,TBX1,SOX10,FOXO4"
"GO:BP","kidney development","GO:0001822","0.0010564063453242188","2.9761689988594546","146","3216","54","16592","WNT4,PCSK9,IL6R,TGFB2,TRAF3IP1,HYAL2,MME,SLIT2,PDGFRA,NPNT,FGF2,EGR1,PDGFRB,TFAP2A,VEGFA,TFAP2B,CD24,AHI1,DLL1,PDGFA,C1GALT1,MAGI2,PODXL,SULF1,HAS2,MYC,CER1,TEK,GATA3,RET,ACTA2,PLCE1,PAX2,FGF8,FGFR2,WNT11,ZBTB16,CEP290,BMP4,SIX1,STRA6,SOX8,PKD1,SALL1,FLCN,LHX1,SOX9,GREB1L,BMP2,JAG1,MMP9,BMP7,WNT7B,GPC3"
"GO:BP","urogenital system development","GO:0001655","0.0011303922039940313","2.94677084635947","161","3216","58","16592","WNT4,PCSK9,WDR77,IL6R,TGFB2,TRAF3IP1,HYAL2,MME,SLIT2,PDGFRA,NPNT,FGF2,EGR1,PDGFRB,TFAP2A,VEGFA,TFAP2B,CD24,AHI1,DLL1,PDGFA,C1GALT1,MAGI2,PODXL,NKX3-1,SULF1,HAS2,MYC,CER1,TEK,ANXA1,GATA3,RET,ACTA2,PLCE1,PAX2,FGF8,FGFR2,WNT11,ZBTB16,CEP290,BMP4,SIX1,STRA6,SOX8,PKD1,SALL1,FLCN,LHX1,SOX9,GREB1L,AMH,BMP2,JAG1,MMP9,BMP7,WNT7B,GPC3"
"GO:BP","axon extension","GO:0048675","0.0011723405754604434","2.9309462035427885","80","3216","35","16592","MACF1,SEMA6C,SEMA4A,BCL11A,SEMA4F,NRP2,MAP2,GOLGA4,SEMA3F,SEMA3B,SEMA3G,SEMA5B,SLIT2,RUFY3,SEMA6A,SLIT3,KIAA0319,VEGFA,AUTS2,SEMA3C,SEMA3E,SEMA3D,CDK5,ABL1,OLFM1,NRP1,SLIT1,SHTN1,ULK1,SEMA6D,ISLR2,SIN3A,ULK2,SEMA6B,PTPRS"
"GO:BP","morphogenesis of embryonic epithelium","GO:0016331","0.001428681949797444","2.8450644421828715","55","3216","27","16592","DVL1,LUZP1,GRHL3,KDF1,TGFB2,SOX11,LRP2,TFAP2A,BMP5,COBL,DLC1,SULF1,GRHL2,GATA3,PAX2,FGFR2,FOLR1,PRICKLE1,KDM2B,SIX1,MTHFD1,SOX8,SOX9,BMP7,WNT7B,CELSR1,PLXNB2"
"GO:BP","negative regulation of axonogenesis","GO:0050771","0.0014328274661986717","2.843806101988595","46","3216","24","16592","SEMA6C,SEMA4A,BCL11A,SEMA4F,MAP2,SEMA3F,SEMA3B,SEMA3G,SEMA5B,RUFY3,SEMA6A,KIAA0319,SEMA3C,SEMA3E,SEMA3D,PTEN,THY1,SEMA6D,NGFR,DCC,SEMA6B,PTPRS,FGF13,GDI1"
"GO:BP","heart morphogenesis","GO:0003007","0.001615170947071536","2.7917815058771915","170","3216","60","16592","RNF207,HEYL,S1PR1,NOTCH2,TGFB2,LEFTY1,WNT3A,RYR2,SOX11,LRP2,NRP2,EOMES,TGFBR2,TNNC1,SLIT2,PITX2,SFRP2,NPY1R,SLIT3,DSP,POU5F1,VEGFA,BMP5,HEY2,AHI1,CITED2,ADGRG6,DLL1,SEMA3C,NOS3,DLC1,SNAI2,CHD7,HAS2,TEK,ENG,OLFM1,GATA3,NRP1,DKK1,ANKRD1,FGF8,PDCD4,FGFR2,APLNR,FOLR1,TBX5,TBX3,SETDB2,BMP4,ACTC1,TPM1,SOX9,CCDC40,SMAD7,TNNI3,BMP2,JAG1,BMP7,TBX1"
"GO:BP","cell-substrate adhesion","GO:0031589","0.0019024994455104258","2.720675461133893","288","3216","90","16592","AJAP1,PDPN,RCC2,MACF1,S100A10,THBS3,TNN,LAMC1,ACTN2,ITGB1BP1,ROCK2,EMILIN1,ANTXR1,LIMS2,FZD7,FN1,LAMB2,ADAMTS9,PHLDB2,EPHB1,LIMCH1,KDR,HPSE,NPNT,AP1AR,ITGA1,ITGA2,PIK3R1,EFNA5,SPRY4,FAT2,NEDD9,CARMIL1,VEGFA,MICALL2,SEMA3E,CDK6,SERPINE1,EPHA1,DLC1,DOCK5,PTK2B,SFRP1,KANK1,TEK,TESK1,MEGF9,ABL1,LAMC3,TSC1,ADAMTS13,NRP1,PLAU,PTEN,SORBS1,SLK,ATRNL1,DOCK1,CD44,FERMT3,ACTN3,THY1,VWF,ITGA5,FERMT2,FBLN5,THBS1,CORO2B,WHAMM,PKD1,EMP2,CX3CL1,MINK1,C1QBP,ATP1B2,MADCAM1,DAPK3,LYPD3,BCAM,RRAS,PTPRA,FERMT1,JAG1,RIN2,SRC,LAMA5,TIAM1,BCR,TRIOBP,GPM6B"
"GO:BP","cardiac chamber development","GO:0003205","0.002362804392675295","2.626572230419273","99","3216","40","16592","HEYL,NOTCH2,TGFB2,RYR2,SOX11,LRP2,NRP2,CRELD1,TGFBR2,SCN5A,TNNC1,SLIT2,SFRP2,SLIT3,DSP,BMP5,HEY2,CITED2,ADGRG6,SEMA3C,TEK,ENG,GATA3,NRP1,FGF8,FGFR2,APLNR,PDE2A,TBX5,TBX3,BMP4,TPM1,STRA6,SALL1,SMAD7,TNNI3,BMP2,JAG1,BMP7,TBX1"
"GO:BP","cell-substrate junction organization","GO:0150115","0.0025999192420353597","2.585040141753458","89","3216","37","16592","RCC2,MACF1,S100A10,LAMC1,LAMC2,ACTN2,ITGB1BP1,ROCK2,FN1,TNS1,IQSEC1,PHLDB2,LIMCH1,KDR,PIK3R1,EFNA5,VEGFA,DST,DLC1,SFRP1,TEK,ABL1,TSC1,NRP1,PTEN,SORBS1,SLK,ACTN3,THY1,FERMT2,THBS1,WHAMM,DAPK3,PTPRA,SRC,BCR,GPM6B"
"GO:BP","negative regulation of protein phosphorylation","GO:0001933","0.002601565487856387","2.58476523736099","298","3216","92","16592","DVL1,PRKCZ,PLPP3,GADD45A,ITGB1BP1,EMILIN1,XDH,DUSP2,TRAF3IP1,SH3BP5,GPD1L,HYAL2,PARP14,CAMK2N2,SLIT2,PTPN13,SFRP2,SNX25,PDE4D,SPRY4,RGS14,CDKN1A,PKIB,ENPP1,PRKAR1B,PPIA,IGFBP3,HSPB1,PRKAR2B,CAV1,EPHA1,DUSP4,SFRP1,LYN,PKIA,DEPTOR,TRIB1,SH3GL2,TESK1,GNAQ,RGS3,DAB2IP,ENG,ABL1,DKK1,DDIT4,PTEN,HHEX,DUSP5,PDCD4,DUSP8,CDKN1C,SMPD1,PRR5L,GSTP1,LRP5,THY1,SORL1,UBASH3B,NTF3,TARBP2,PTPRB,SH2B3,LATS2,PIBF1,BMP4,AKT1,GREM1,SPRED1,NTRK3,NR2F2,SOCS1,MVP,PYCARD,PYDC1,DBNDD1,INCA1,HEXIM1,CDK5RAP3,SMAD7,FKBP8,CADM4,NLRP12,PRNP,RASSF2,INSM1,PTPRT,DBNDD2,BMP7,PMEPA1,ADARB1,DUSP9"
"GO:BP","mesenchymal cell proliferation","GO:0010463","0.0026481249933370237","2.577061519747668","20","3216","14","16592","CTNNBIP1,TGFBR2,VEGFA,PDGFA,MYC,NFIB,FGFR2,LRP5,FGF4,BMP4,SOX9,BMP2,TBX1,GPC3"
"GO:BP","behavior","GO:0007610","0.0031818829285876374","2.4973158034461034","243","3216","78","16592","PER3,MFSD2A,LEPR,CIART,SYT11,ATP1A2,STRN,NRXN1,MBD5,KALRN,MME,NLGN1,ANKH,CAMK4,EGR1,RGS14,ATXN1,AGER,MRAP2,FYN,SGK1,AHI1,NPY,RELN,CNTNAP2,OPRK1,CALB1,ARC,TSC1,ABCA2,DKK1,PTEN,DRD4,SHANK2,NTF3,C12ORF57,P2RX4,SLITRK5,NFATC4,NRXN3,APBA2,THBS1,GPR176,MAP1A,GATM,FOXB1,STRA6,CHRNA3,NPW,ABAT,ZFHX3,TRPV1,DLG4,ATP1B2,NCOR1,PYY,C1QL1,GALR2,NETO1,ABCA7,LDLR,GDF15,CIC,SLC8A2,MYH14,SHANK1,KLK8,BRSK1,PRNP,LRRN4,PLCB1,DYNLRB1,TBX1,MCHR1,NLGN4X,GRPR,PTCHD1,FGF13"
"GO:BP","cell-substrate junction assembly","GO:0007044","0.0033685882312393316","2.4725520729695942","83","3216","35","16592","RCC2,MACF1,S100A10,LAMC1,LAMC2,ACTN2,ITGB1BP1,ROCK2,FN1,TNS1,PHLDB2,LIMCH1,KDR,EFNA5,VEGFA,DST,DLC1,SFRP1,TEK,ABL1,TSC1,NRP1,PTEN,SORBS1,SLK,ACTN3,THY1,FERMT2,THBS1,WHAMM,DAPK3,PTPRA,SRC,BCR,GPM6B"
"GO:BP","regulation of developmental growth","GO:0048638","0.0035421769745916823","2.4507297443405935","185","3216","63","16592","AGRN,MACF1,MFSD2A,SEMA6C,SEMA4A,SYT2,BCL11A,SEMA4F,MBD5,MAP2,CPNE9,GOLGA4,SEMA3F,SEMA3B,SEMA3G,SEMA5B,FGFR3,RUFY3,FGF2,WWC2,SEMA6A,EDN1,KIAA0319,CDKN1A,VEGFA,RIMS1,DLL1,SEMA3C,SEMA3E,SEMA3D,SMURF1,RIMS2,ABL1,OLFM1,NRP1,PTEN,SHTN1,FGFR2,ACTN3,GLI1,SYT1,TBX5,LATS2,BMP4,SIX1,SEMA6D,PPIB,ISLR2,SIN3A,SYT17,SOX15,STAT5B,RNF157,SYT4,DCC,SEMA6B,PTPRS,UNC13A,GDF15,PLCB1,WWC3,FGF13,DUSP9"
"GO:BP","renal system development","GO:0072001","0.0035706890515222736","2.44724796809002","151","3216","54","16592","WNT4,PCSK9,IL6R,TGFB2,TRAF3IP1,HYAL2,MME,SLIT2,PDGFRA,NPNT,FGF2,EGR1,PDGFRB,TFAP2A,VEGFA,TFAP2B,CD24,AHI1,DLL1,PDGFA,C1GALT1,MAGI2,PODXL,SULF1,HAS2,MYC,CER1,TEK,GATA3,RET,ACTA2,PLCE1,PAX2,FGF8,FGFR2,WNT11,ZBTB16,CEP290,BMP4,SIX1,STRA6,SOX8,PKD1,SALL1,FLCN,LHX1,SOX9,GREB1L,BMP2,JAG1,MMP9,BMP7,WNT7B,GPC3"
"GO:BP","mesenchymal cell differentiation","GO:0048762","0.0038768762385046943","2.4115180627514663","197","3216","66","16592","PDPN,WNT4,HEYL,SEMA6C,SEMA4A,TGFB2,SOX11,ROCK2,SEMA4F,FN1,EOMES,TGFBR2,SEMA3F,SEMA3B,SEMA3G,PHLDB2,USF3,SEMA5B,LEF1,PITX2,SFRP2,SEMA6A,CUL7,BMP5,HEY2,SEMA3C,SEMA3E,SEMA3D,ZNF703,SFRP1,SNAI2,HAS2,DAB2IP,CRB2,ENG,OLFM1,GATA3,BAMBI,NRP1,PTEN,PAX2,FGF8,PDCD4,FGFR2,FOLR1,TBX5,TBX3,FERMT2,GSC,GREM1,SPRED1,SEMA6D,SOX8,VASN,TGFB1I1,SOX9,CDH2,SMAD7,SEMA6B,BMP2,JAG1,OVOL2,BMP7,TIAM1,TBX1,SOX10"
"GO:BP","morphogenesis of a branching epithelium","GO:0061138","0.00413589294561281","2.383430711145094","67","3216","30","16592","EPHA2,TIE1,TGFBR2,SLIT2,KDR,NPNT,FGF2,SFRP2,VEGFA,PDGFA,SEMA3E,MET,NKX3-1,SULF1,MYC,ENG,NRP1,PAX2,FGFR2,LRP5,PAK1,BMP4,SIX1,SOX8,PKD1,SALL1,LHX1,SOX9,BMP2,CELSR1"
"GO:BP","cardiac septum development","GO:0003279","0.00453669750099596","2.3432601777602167","64","3216","29","16592","HEYL,NOTCH2,TGFB2,SOX11,LRP2,NRP2,CRELD1,TGFBR2,SLIT2,SLIT3,BMP5,HEY2,CITED2,SEMA3C,ENG,GATA3,NRP1,FGF8,FGFR2,APLNR,PDE2A,TBX5,BMP4,STRA6,SALL1,SMAD7,JAG1,BMP7,TBX1"
"GO:BP","regulation of animal organ morphogenesis","GO:2000027","0.004724219674760987","2.3256699160292342","130","3216","48","16592","DVL1,AJAP1,VANGL1,PSMB4,WNT3A,FZD7,PRICKLE2,POU5F1,PSMB8,VEGFA,RSPO3,AHI1,CITED2,PDGFA,MAGI2,FZD1,SMURF1,PSMC2,SULF1,MLLT3,ROR2,SAPCD2,GATA3,DKK1,PAX2,WNT11,PRICKLE1,PSMB5,PSME1,BMP4,DACT1,DAAM1,SIX1,PSMA4,SOX8,PARD6A,PFN1,LHX1,PSMB3,PSME3,FZD2,SOX9,AP2S1,PLEKHA4,BMP2,TIAM1,TBX1,CELSR1"
"GO:BP","visual system development","GO:0150063","0.0047278575006738125","2.3253356217214862","198","3216","66","16592","HES5,EPHA2,MFSD2A,PBX1,TGFB2,SOX11,CYP1B1,SIX3,EFEMP1,COL5A2,CRYGD,WNT6,CRYBG3,PDE6B,PDGFRA,BMPR1B,PITX2,FGF2,MAB21L2,GPM6A,PDGFRB,TFAP2A,VEGFA,TFAP2B,AHI1,DLL1,HIPK2,SMARCD3,CHD7,RORB,TDRD7,CRB2,NRP1,PAX2,PAX6,LRP5,TSKU,MYO7A,THY1,C12ORF57,GDF3,CEP290,KDM2B,FLT1,SIX6,SMOC1,MEIS2,SPRED1,FBN1,STRA6,ALDH1A3,SOX8,MAF,LHX1,SOX9,SDK2,PTPRM,C3,CPAMD8,SIPA1L3,MEIS3,WNT7B,SHROOM2,NHS,CHRDL1,DCX"
"GO:BP","actin filament bundle organization","GO:0061572","0.005541376283495854","2.2563823583588896","138","3216","50","16592","ASAP3,S100A10,ITGB1BP1,ROCK2,CCDC88A,ADD2,CD47,PHLDB2,LIMCH1,FHDC1,PIK3R1,NEDD9,PHACTR1,CARMIL1,EZR,FSCN1,MET,CALD1,EPHA1,ARHGEF5,ARHGEF10,DLC1,SFRP1,TESK1,LPAR1,ABL1,TSC1,NRP1,PDLIM1,SORBS1,SHTN1,ARRB1,WNT11,PAK1,LIMA1,RFLNA,LCP1,FERMT2,EVL,CGNL1,TPM1,KCTD13,CX3CL1,SPIRE2,RFLNB,PFN1,SPIRE1,SHANK1,SRC,PDXP"
"GO:BP","eye development","GO:0001654","0.005625730375020698","2.2498210861499683","195","3216","65","16592","HES5,EPHA2,MFSD2A,PBX1,TGFB2,SOX11,CYP1B1,SIX3,EFEMP1,COL5A2,CRYGD,WNT6,CRYBG3,PDE6B,PDGFRA,BMPR1B,PITX2,FGF2,MAB21L2,GPM6A,PDGFRB,TFAP2A,VEGFA,TFAP2B,AHI1,DLL1,HIPK2,SMARCD3,CHD7,RORB,TDRD7,CRB2,NRP1,PAX2,PAX6,LRP5,TSKU,MYO7A,THY1,C12ORF57,GDF3,CEP290,KDM2B,FLT1,SIX6,SMOC1,MEIS2,SPRED1,FBN1,STRA6,ALDH1A3,SOX8,MAF,LHX1,SOX9,SDK2,PTPRM,CPAMD8,SIPA1L3,MEIS3,WNT7B,SHROOM2,NHS,CHRDL1,DCX"
"GO:BP","neural crest cell migration","GO:0001755","0.005954264844209048","2.225171851949879","37","3216","20","16592","SEMA6C,SEMA4A,SEMA4F,FN1,SEMA3F,SEMA3B,SEMA3G,SEMA5B,PITX2,SEMA6A,SEMA3C,SEMA3E,SEMA3D,NRP1,FOLR1,SEMA6D,SOX8,SEMA6B,TBX1,SOX10"
"GO:BP","regulation of extent of cell growth","GO:0061387","0.006682191938904026","2.1750810538685426","65","3216","29","16592","MACF1,SEMA6C,SEMA4A,BCL11A,SEMA4F,MAP2,GOLGA4,SEMA3F,SEMA3B,SEMA3G,SEMA5B,RUFY3,SEMA6A,KIAA0319,VEGFA,SEMA3C,SEMA3E,SEMA3D,ABL1,OLFM1,NRP1,SHTN1,SEMA6D,ISLR2,SIN3A,DCC,SEMA6B,PTPRS,FGF13"
"GO:BP","organic hydroxy compound biosynthetic process","GO:1901617","0.0071007743829342","2.148694286225123","204","3216","67","16592","H6PD,WNT4,DHCR24,HSD17B7,TGFB2,ITPKB,SPR,ZEB2,OSBPL6,PER2,PTH1R,ACOX2,QDPR,SRD5A3,FGF2,MSMO1,HMGCS1,HMGCR,FAXDC2,FGFR4,IP6K3,BMP5,NUS1,ACAT2,OSBPL3,CYP51A1,INSIG1,FDFT1,PTK2B,SNAI2,SQLE,ABCA2,IDI1,AKR1C3,GATA3,IPMK,FGF19,DHCR7,SC5D,LPCAT3,MVK,GCH1,SPTLC2,SLC27A2,CACNA1H,CDH3,MBTPS1,MVD,ALOX12,SREBF1,PNMT,ACLY,PNPO,ACAA2,ISYNA1,DKKL1,BMP2,SPTLC3,INSM1,ACOT8,OSBPL2,ABCG1,LSS,PDXP,EBP,HSD17B10,NSDHL"
"GO:BP","sensory system development","GO:0048880","0.0071007743829342","2.148694286225123","204","3216","67","16592","HES5,EPHA2,MFSD2A,PBX1,TGFB2,SOX11,CYP1B1,SIX3,EFEMP1,COL5A2,CRYGD,WNT6,CRYBG3,PDE6B,PDGFRA,BMPR1B,PITX2,FGF2,MAB21L2,GPM6A,PDGFRB,TFAP2A,VEGFA,TFAP2B,AHI1,DLL1,HIPK2,SMARCD3,CHD7,RORB,TDRD7,CRB2,NRP1,PAX2,PAX6,LRP5,TSKU,MYO7A,THY1,C12ORF57,GDF3,CEP290,KDM2B,FLT1,POU4F1,SIX6,SMOC1,MEIS2,SPRED1,FBN1,STRA6,ALDH1A3,SOX8,MAF,LHX1,SOX9,SDK2,PTPRM,C3,CPAMD8,SIPA1L3,MEIS3,WNT7B,SHROOM2,NHS,CHRDL1,DCX"
"GO:BP","cardiac chamber morphogenesis","GO:0003206","0.007464039129668001","2.127026092499184","82","3216","34","16592","HEYL,NOTCH2,TGFB2,RYR2,SOX11,LRP2,NRP2,TGFBR2,TNNC1,SLIT2,SFRP2,SLIT3,DSP,BMP5,HEY2,CITED2,ADGRG6,SEMA3C,TEK,ENG,GATA3,NRP1,FGF8,FGFR2,APLNR,TBX5,BMP4,TPM1,SMAD7,TNNI3,BMP2,JAG1,BMP7,TBX1"
"GO:BP","sensory organ development","GO:0007423","0.00754289463172105","2.1224619589924925","256","3216","80","16592","HES5,EPHA2,MFSD2A,PBX1,TGFB2,SOX11,CYP1B1,SIX3,EFEMP1,COL5A2,CRYGD,WNT6,CRYBG3,ZIC1,PDE6B,PDGFRA,BMPR1B,PITX2,FGF2,MAB21L2,GPM6A,PDGFRB,TFAP2A,VEGFA,TFAP2B,MYO6,AHI1,DLL1,GLI3,HIPK2,SMARCD3,CHD7,ESRP1,RORB,TDRD7,CRB2,GATA3,MYO3A,NRP1,PAX2,FGFR2,KCNQ1,PAX6,LRP5,TSKU,MYO7A,THY1,C12ORF57,GDF3,CEP290,KDM2B,FLT1,SIX6,SIX1,SMOC1,ESRRB,GSC,MEIS2,SPRED1,FBN1,STRA6,ALDH1A3,SOX8,MAF,LHX1,SOX9,SDK2,PTPRM,TTC39C,CPAMD8,SIPA1L3,MEIS3,BMP2,TBX1,WNT7B,SHROOM2,NHS,CHRDL1,DCX,SOX3"
"GO:BP","regulation of cell-substrate junction organization","GO:0150116","0.008018969114415377","2.0958814592342137","59","3216","27","16592","RCC2,MACF1,S100A10,ITGB1BP1,ROCK2,IQSEC1,PHLDB2,LIMCH1,KDR,PIK3R1,EFNA5,VEGFA,DLC1,SFRP1,TEK,ABL1,TSC1,NRP1,PTEN,SLK,THY1,FERMT2,THBS1,DAPK3,PTPRA,SRC,GPM6B"
"GO:BP","epithelial cell development","GO:0002064","0.008283281859148634","2.0817975604459455","114","3216","43","16592","EPHA2,RAB13,ROCK2,SIX3,CLOCK,IL6ST,PDE4D,VEGFA,BMP5,EZR,AFDN,DLL1,CLDN3,MAGI2,CDK6,MET,PODXL,STC1,GRHL2,COL22A1,ENG,RAPGEF1,ACTA2,ARNTL,PAX6,PDE2A,EXPH5,RILPL1,FOXO1,CNMD,BMP4,CCDC88C,AKT1,SOX8,CDH2,TJP3,ICAM1,SIPA1L3,JAG1,SRC,PPP1R16B,WNT7B,TNMD"
"GO:BP","sensory organ morphogenesis","GO:0090596","0.008283281859148634","2.0817975604459455","114","3216","43","16592","EPHA2,MFSD2A,SOX11,SIX3,EFEMP1,COL5A2,ZIC1,PITX2,TFAP2A,VEGFA,TFAP2B,MYO6,AHI1,DLL1,GLI3,CHD7,RORB,TDRD7,CRB2,MYO3A,PAX2,FGFR2,PAX6,LRP5,TSKU,MYO7A,THY1,C12ORF57,CEP290,KDM2B,SIX1,GSC,FBN1,STRA6,ALDH1A3,SOX8,LHX1,SOX9,SDK2,PTPRM,TTC39C,TBX1,SHROOM2"
"GO:BP","embryonic organ development","GO:0048568","0.008448630412482097","2.0732136877970606","201","3216","66","16592","RNF207,TAL1,PBX1,TGFB2,RYR2,SOX11,PKDCC,SIX3,EFEMP1,CASP8,EOMES,TGFBR2,ZIC1,PDGFRA,KIT,KDR,PITX2,APELA,TFAP2A,VEGFA,BMP5,MYO6,HEY2,AHI1,CITED2,DLL1,PDGFA,GLI3,COBL,RARRES2,CHD7,CRB2,ENG,GATA3,MYO3A,PAX2,FGF8,FGFR2,E2F8,APLNR,FOLR1,COL2A1,CEP290,SH2B3,TBX3,KDM2B,SETDB2,SIX1,MTHFD1,GSC,FBN1,RBPMS2,STRA6,ALDH1A3,PKD1,SALL1,IRX5,SOX15,LHX1,HOXB3,SOX9,CCDC40,TTC39C,BMP7,TBX1,WNT7B"
"GO:BP","focal adhesion assembly","GO:0048041","0.008710814837425702","2.059941217799959","69","3216","30","16592","RCC2,MACF1,S100A10,ACTN2,ITGB1BP1,ROCK2,PHLDB2,LIMCH1,KDR,EFNA5,VEGFA,DLC1,SFRP1,TEK,ABL1,TSC1,NRP1,PTEN,SORBS1,SLK,ACTN3,THY1,FERMT2,THBS1,WHAMM,DAPK3,PTPRA,SRC,BCR,GPM6B"
"GO:BP","activation of protein kinase activity","GO:0032147","0.008900879516319892","2.050567077600904","257","3216","80","16592","MUL1,PINK1,GADD45A,IL6R,MAPKAPK2,TGFB2,MAP3K21,ITGB1BP1,CCDC88A,MAP3K2,CXCR4,IRAK2,TGFBR2,TDGF1,ADCY5,TNIK,KIT,FGF2,ADCY2,PRLR,VEGFA,PRKAR1B,NOD1,PPIA,ADCY1,PRKAR2B,MDFIC,TNFRSF10A,PTK2B,GADD45G,DAB2IP,MAPKAP1,ABL1,RAPGEF1,RET,PLCE1,DUSP5,DRD4,ZFP91,MAP3K11,PAK1,NTF3,ADCY6,MAP3K12,IL23A,UBE2N,TAOK3,PIBF1,GAS6,BMP4,MAP3K9,AKT1,THBS1,PAK6,CHRNA3,NTRK3,AXIN1,MAPK8IP3,EMP2,ADCY7,MINK1,KSR1,TAOK1,PHB,SPAG9,MAP2K6,STK11,PKN1,GDF15,MAP3K10,SBK2,BMP2,STK4,MAPK11,MAP3K15,TAB3,NRK,PAK3,DUSP9,IRAK1"
"GO:BP","negative regulation of cell development","GO:0010721","0.009142308751851487","2.0389441159102697","118","3216","44","16592","HES5,RCC2,SEMA6C,SEMA4A,WNT3A,SOX11,ITGB1BP1,BCL11A,SEMA4F,MAP2,SEMA3F,SEMA3B,SEMA3G,SEMA5B,RUFY3,AP1AR,EFNA5,SEMA6A,SPRY4,KIAA0319,VEGFA,SEMA3C,SEMA3E,SEMA3D,HOOK3,KANK1,PTEN,PAX6,THY1,SORL1,APPL2,RNF10,RFLNA,EDNRB,SEMA6D,FBN1,RFLNB,NGFR,DCC,SEMA6B,PTPRS,LDLR,FGF13,GDI1"
"GO:BP","connective tissue development","GO:0061448","0.009142308751851487","2.0389441159102697","118","3216","44","16592","HES5,IL6R,PKDCC,EFEMP1,HYAL2,FGFR3,BMPR1B,FGF2,EGR1,PDGFRB,GPLD1,ITGB8,SLC39A14,STC1,SNAI2,SULF1,NFIB,CER1,ACTA2,CD44,PLAAT3,LRP5,FGF4,WNT11,TSKU,ZBTB16,SORL1,SOX5,COL2A1,TRPV4,RFLNA,BMP4,SPTLC2,GREM1,SOX8,PKD1,RFLNB,SOX9,ZNF516,DYRK1B,TRPM4,BMP2,BMP7,WNT7B"
"GO:BP","regulation of axon extension involved in axon guidance","GO:0048841","0.00945958741027632","2.0241278053897407","24","3216","15","16592","SEMA6C,SEMA4A,SEMA4F,SEMA3F,SEMA3B,SEMA3G,SEMA5B,SEMA6A,VEGFA,SEMA3C,SEMA3E,SEMA3D,NRP1,SEMA6D,SEMA6B"
"GO:BP","morphogenesis of a branching structure","GO:0001763","0.00970094542048927","2.0131859388375144","76","3216","32","16592","EPHA2,TIE1,TGFBR2,TDGF1,SLIT2,KDR,NPNT,FGF2,SFRP2,VEGFA,EPHA7,PDGFA,SEMA3E,MET,NKX3-1,SULF1,MYC,ENG,NRP1,PAX2,FGFR2,LRP5,PAK1,BMP4,SIX1,SOX8,PKD1,SALL1,LHX1,SOX9,BMP2,CELSR1"
"GO:BP","dendrite morphogenesis","GO:0048813","0.010502801930534983","1.9786948246787635","97","3216","38","16592","DVL1,LRP8,CTNNA2,MAP2,EPHA4,NGEF,KALRN,EPHB1,TNIK,NLGN1,CTNND2,PHACTR1,CUL7,ADGRB3,HECW1,RELN,CDK5,LZTS1,SDC2,ARC,NSMF,NRP1,PTEN,KNDC1,SHANK2,MAP6,CAPRIN2,SLITRK5,RAP2A,CHRNA3,MINK1,DLG4,CDK5R1,ABI3,TANC2,SHANK1,DIP2A,PAK3"
"GO:BP","eye morphogenesis","GO:0048592","0.01182659965129998","1.927140104480471","80","3216","33","16592","EPHA2,MFSD2A,SOX11,SIX3,EFEMP1,COL5A2,PITX2,TFAP2A,VEGFA,TFAP2B,AHI1,DLL1,RORB,TDRD7,CRB2,PAX2,PAX6,LRP5,TSKU,MYO7A,THY1,C12ORF57,CEP290,KDM2B,FBN1,STRA6,ALDH1A3,SOX8,LHX1,SOX9,SDK2,PTPRM,SHROOM2"
"GO:BP","mesenchymal cell development","GO:0014031","0.013021469615502424","1.8853399981115022","57","3216","26","16592","HEYL,SEMA6C,SEMA4A,SOX11,SEMA4F,FN1,SEMA3F,SEMA3B,SEMA3G,SEMA5B,PITX2,SEMA6A,HEY2,SEMA3C,SEMA3E,SEMA3D,SNAI2,NRP1,FOLR1,SEMA6D,SOX8,CDH2,SEMA6B,JAG1,TBX1,SOX10"
"GO:BP","regulation of focal adhesion assembly","GO:0051893","0.014121209302447401","1.8501281098783269","54","3216","25","16592","RCC2,MACF1,S100A10,ITGB1BP1,ROCK2,PHLDB2,LIMCH1,KDR,EFNA5,VEGFA,DLC1,SFRP1,TEK,ABL1,TSC1,NRP1,PTEN,SLK,THY1,FERMT2,THBS1,DAPK3,PTPRA,SRC,GPM6B"
"GO:BP","regulation of cell-substrate junction assembly","GO:0090109","0.014121209302447401","1.8501281098783269","54","3216","25","16592","RCC2,MACF1,S100A10,ITGB1BP1,ROCK2,PHLDB2,LIMCH1,KDR,EFNA5,VEGFA,DLC1,SFRP1,TEK,ABL1,TSC1,NRP1,PTEN,SLK,THY1,FERMT2,THBS1,DAPK3,PTPRA,SRC,GPM6B"
"GO:BP","branching morphogenesis of an epithelial tube","GO:0048754","0.015659888238055236","1.805211341752475","64","3216","28","16592","EPHA2,TIE1,TGFBR2,SLIT2,KDR,NPNT,FGF2,SFRP2,VEGFA,SEMA3E,MET,NKX3-1,MYC,ENG,NRP1,PAX2,FGFR2,LRP5,PAK1,BMP4,SIX1,SOX8,PKD1,SALL1,LHX1,SOX9,BMP2,CELSR1"
"GO:BP","regulation of MAP kinase activity","GO:0043405","0.017150511348775477","1.7657229267791787","257","3216","79","16592","MUL1,GADD45A,MAPKAPK2,MAP3K21,DUSP2,MAP3K2,CXCR4,IRAK2,TDGF1,MST1R,HYAL2,TNIK,KIT,EGF,FGF2,SPRY4,PDGFRB,RGS14,EDN1,VEGFA,CD24,SASH1,PDGFA,NOD1,PPIA,MDFIC,CAV1,ARHGEF5,DUSP4,LYN,TRIB1,GADD45G,RGS3,DAB2IP,RET,DKK1,PLCE1,DUSP5,PDCD4,DRD4,DUSP8,SMPD1,MAP3K11,GSTP1,PAK1,PDGFD,SORL1,NTF3,MAP3K12,UBE2N,SH2B3,TAOK3,FLT1,TNFSF11,BMP4,MAP3K9,SPRED1,THBS1,NTRK3,MAPK8IP3,IL34,KSR1,TAOK1,ERBB2,CDK5RAP3,SPAG9,MAP2K6,TNFRSF11A,PKN1,GDF15,MAP3K10,SBK2,BMP2,BMP7,MAPK11,TAB3,TENM1,DUSP9,IRAK1"
"GO:BP","regulation of axon extension","GO:0030516","0.01742962119393621","1.7587120515114023","61","3216","27","16592","MACF1,SEMA6C,SEMA4A,BCL11A,SEMA4F,MAP2,GOLGA4,SEMA3F,SEMA3B,SEMA3G,SEMA5B,RUFY3,SEMA6A,KIAA0319,VEGFA,SEMA3C,SEMA3E,SEMA3D,ABL1,OLFM1,NRP1,SHTN1,SEMA6D,ISLR2,SIN3A,SEMA6B,PTPRS"
"GO:BP","digestive tract development","GO:0048565","0.01742962119393621","1.7587120515114023","61","3216","27","16592","TGFB2,MIXL1,SOX11,PKDCC,PDGFRA,KIT,IL6ST,AHI1,NPY,GLI3,COBL,RARRES2,RET,SFRP5,FGFR2,WNT11,CLMP,GLI1,EDNRB,DACT1,RBPMS2,STRA6,PKD1,SALL1,PYY,CCDC40,SRC"
"GO:BP","stress-activated protein kinase signaling cascade","GO:0031098","0.01747538365833684","1.7575732808830193","249","3216","77","16592","MUL1,PINK1,GADD45A,TGFB2,MAP3K21,XDH,MAP4K3,MAP3K2,FZD7,IRAK2,EPHB1,RNF13,MECOM,TNIK,MAPK10,AGER,MAPK13,VEGFA,ANKRD6,SASH1,EZR,MTURN,NOD1,PPIA,MDFIC,HIPK2,MFHAS1,PTK2B,LYN,TRIB1,MYC,GADD45G,DAB2IP,RAPGEF1,ZMYND11,FAS,PDCD4,MAP3K11,GSTP1,FGF19,PAK1,MAP3K12,UBE2N,TAOK3,TNFRSF19,FOXO1,RAP2A,DACT1,MAP3K9,CCDC88C,TRAF3,PAK6,AXIN1,MAPK8IP3,PYCARD,MARVELD3,MINK1,NCOR1,TAOK1,KAT7,SPAG9,PHLPP1,SH2D3A,PKN1,MAP3K10,RASSF2,BMP2,PLCB1,STK4,WNT7B,MAPK11,MID1,TAB3,NRK,PAK3,DUSP9,IRAK1"
"GO:BP","neural crest cell differentiation","GO:0014033","0.019271672846867448","1.7150805854674844","58","3216","26","16592","SEMA6C,SEMA4A,SOX11,SEMA4F,FN1,SEMA3F,SEMA3B,SEMA3G,SEMA5B,PITX2,SEMA6A,SEMA3C,SEMA3E,SEMA3D,SNAI2,NRP1,FOLR1,GSC,SEMA6D,SOX8,SOX9,CDH2,SEMA6B,JAG1,TBX1,SOX10"
"GO:BP","negative regulation of axon extension involved in axon guidance","GO:0048843","0.022684530019409753","1.6442702140656444","20","3216","13","16592","SEMA6C,SEMA4A,SEMA4F,SEMA3F,SEMA3B,SEMA3G,SEMA5B,SEMA6A,SEMA3C,SEMA3E,SEMA3D,SEMA6D,SEMA6B"
"GO:BP","neural crest cell development","GO:0014032","0.022994850468037262","1.6383694102307322","52","3216","24","16592","SEMA6C,SEMA4A,SOX11,SEMA4F,FN1,SEMA3F,SEMA3B,SEMA3G,SEMA5B,PITX2,SEMA6A,SEMA3C,SEMA3E,SEMA3D,SNAI2,NRP1,FOLR1,SEMA6D,SOX8,CDH2,SEMA6B,JAG1,TBX1,SOX10"
"GO:BP","cell-matrix adhesion","GO:0007160","0.02462423813514279","1.6086371975337799","191","3216","62","16592","AJAP1,RCC2,MACF1,S100A10,THBS3,TNN,ACTN2,ITGB1BP1,ROCK2,EMILIN1,FN1,ADAMTS9,PHLDB2,LIMCH1,KDR,HPSE,NPNT,ITGA1,ITGA2,EFNA5,VEGFA,SEMA3E,CDK6,SERPINE1,EPHA1,DLC1,PTK2B,SFRP1,TEK,ABL1,TSC1,ADAMTS13,NRP1,PLAU,PTEN,SORBS1,SLK,CD44,FERMT3,ACTN3,THY1,FERMT2,FBLN5,THBS1,WHAMM,PKD1,EMP2,CX3CL1,MINK1,MADCAM1,DAPK3,LYPD3,BCAM,RRAS,PTPRA,FERMT1,JAG1,RIN2,SRC,TIAM1,BCR,GPM6B"
"GO:BP","mesonephros development","GO:0001823","0.026289082378257736","1.5802245726998072","46","3216","22","16592","SLIT2,NPNT,FGF2,VEGFA,MYC,CER1,GATA3,PAX2,FGF8,FGFR2,WNT11,ZBTB16,BMP4,SIX1,SOX8,PKD1,SALL1,LHX1,SOX9,BMP2,BMP7,GPC3"
"GO:BP","regulation of dendrite development","GO:0050773","0.02813743942395094","1.550715426966889","59","3216","26","16592","MFSD2A,LRP8,CAMSAP2,BCL11A,RAB17,KALRN,TNIK,KIAA0319,PACSIN1,CUL7,BMP5,ADGRB3,RTN4IP1,HECW1,COBL,RELN,LZTS1,SDC2,DAB2IP,NSMF,KNDC1,CAPRIN2,RAP2A,CHRNA3,DCC,BMP7"
"GO:BP","embryo development ending in birth or egg hatching","GO:0009792","0.029971685500750373","1.5232888331940915","200","3216","64","16592","DVL1,HES5,LUZP1,GRHL3,FOXD3,NR5A2,TGFB2,SOX11,LRP2,CASP8,EOMES,TGFBR2,TDGF1,PDGFRA,STOX2,TFAP2A,POU5F1,VEGFA,C6ORF141,BMP5,HEY2,DLL1,LFNG,COBL,DLC1,CHD7,SULF1,GRHL2,CRB2,LMX1B,GATA3,KIAA1217,PAX2,FGFR2,E2F8,FOLR1,WNT11,PRICKLE1,COL2A1,KDM2B,BMP4,DACT1,SIX1,MTHFD1,FUT8,GSC,APBA2,FOXB1,ARNT2,SOX8,PKD1,IRX5,SOX15,FLCN,LHX1,HOXB3,SOX9,TLE6,BMP2,BMP7,TBX1,WNT7B,CELSR1,PLXNB2"
"GO:BP","protein localization to cell periphery","GO:1990778","0.03463851915381623","1.4604406829674272","278","3216","83","16592","KIF1B,EPHA2,MACF1,EFCAB7,S100A10,RAB13,PPP2R5A,ACTN2,ITGB1BP1,ROCK2,EFR3B,PKDCC,PRKCE,NRXN1,SPTBN1,CCDC88A,VAMP8,ACSL3,GRIP2,GOLGA4,SLMAP,NECTIN3,ZDHHC23,P2RY1,TNIK,NKD2,RAB3C,PIK3R1,KIF13A,PACSIN1,MRAP2,MAP7,EZR,AFDN,FAM126A,SMURF1,CAV1,CDK5,DPP6,ZDHHC2,EFR3A,ABCA2,SAPCD2,OPTN,CACNB2,KIF5B,TSPAN15,SORBS1,BBS1,C2CD5,CACNB3,GRIP1,RILPL1,RAP2A,GAS6,LGALS3,PRKCH,AKAP5,RAB15,ZDHHC22,TTC7B,AKT1,PACS2,EMP2,STX1B,CDH1,ZDHHC7,RABEP1,TMEM88,RAB34,PIGW,STAC2,RAMP2,ABI3,RAB40B,EPB41L3,RAB31,CRB3,RAB3A,CLIP3,EHD2,IQSEC2,FGF13"
"GO:BP","positive regulation of MAP kinase activity","GO:0043406","0.03485969328231112","1.4576764384074885","185","3216","60","16592","MUL1,GADD45A,MAPKAPK2,MAP3K21,MAP3K2,CXCR4,IRAK2,TDGF1,MST1R,TNIK,KIT,EGF,FGF2,PDGFRB,EDN1,VEGFA,CD24,SASH1,PDGFA,NOD1,PPIA,MDFIC,ARHGEF5,GADD45G,DAB2IP,RET,DKK1,PLCE1,DUSP5,DRD4,MAP3K11,PAK1,PDGFD,NTF3,MAP3K12,UBE2N,TAOK3,FLT1,TNFSF11,MAP3K9,THBS1,NTRK3,MAPK8IP3,IL34,KSR1,TAOK1,ERBB2,SPAG9,MAP2K6,TNFRSF11A,PKN1,GDF15,MAP3K10,SBK2,BMP2,MAPK11,TAB3,TENM1,DUSP9,IRAK1"
"GO:BP","digestive system development","GO:0055123","0.03601665272195664","1.4434966516478838","63","3216","27","16592","TGFB2,MIXL1,SOX11,PKDCC,PDGFRA,KIT,IL6ST,AHI1,NPY,GLI3,COBL,RARRES2,RET,SFRP5,FGFR2,WNT11,CLMP,GLI1,EDNRB,DACT1,RBPMS2,STRA6,PKD1,SALL1,PYY,CCDC40,SRC"
"GO:BP","camera-type eye morphogenesis","GO:0048593","0.03601665272195664","1.4434966516478838","63","3216","27","16592","EPHA2,MFSD2A,SOX11,SIX3,PITX2,TFAP2A,VEGFA,TFAP2B,AHI1,DLL1,RORB,TDRD7,CRB2,PAX2,PAX6,LRP5,TSKU,THY1,C12ORF57,KDM2B,STRA6,SOX8,LHX1,SOX9,SDK2,PTPRM,SHROOM2"
"GO:BP","actin filament bundle assembly","GO:0051017","0.0370369036370601","1.4313653284033987","135","3216","47","16592","ASAP3,S100A10,ITGB1BP1,ROCK2,CCDC88A,ADD2,CD47,PHLDB2,LIMCH1,FHDC1,PIK3R1,NEDD9,PHACTR1,CARMIL1,EZR,FSCN1,MET,CALD1,EPHA1,ARHGEF5,ARHGEF10,DLC1,SFRP1,TESK1,LPAR1,ABL1,TSC1,NRP1,PDLIM1,SORBS1,ARRB1,WNT11,PAK1,LIMA1,LCP1,FERMT2,EVL,CGNL1,TPM1,KCTD13,CX3CL1,SPIRE2,PFN1,SPIRE1,SHANK1,SRC,PDXP"
"GO:BP","cardiac septum morphogenesis","GO:0060411","0.03745361292744179","1.4265062821362262","50","3216","23","16592","HEYL,NOTCH2,TGFB2,SOX11,LRP2,NRP2,TGFBR2,SLIT2,SLIT3,BMP5,HEY2,CITED2,SEMA3C,ENG,NRP1,FGF8,FGFR2,APLNR,BMP4,SMAD7,JAG1,BMP7,TBX1"
"GO:BP","embryonic epithelial tube formation","GO:0001838","0.0404145122920764","1.3934626577447575","47","3216","22","16592","DVL1,LUZP1,GRHL3,TGFB2,SOX11,LRP2,BMP5,COBL,DLC1,GRHL2,GATA3,PAX2,FOLR1,PRICKLE1,KDM2B,SIX1,MTHFD1,SOX8,SOX9,BMP7,CELSR1,PLXNB2"
"GO:BP","columnar/cuboidal epithelial cell differentiation","GO:0002065","0.0404145122920764","1.3934626577447575","47","3216","22","16592","WDR77,SOX11,CLOCK,IL6ST,BMP5,DLL1,NPY,CDK6,SERPINE1,FGF8,FGFR2,ARNTL,PAX6,WNT11,FOXO1,BMP4,AKT1,PYY,CDH2,BMP2,INSM1,SRC"
"GO:BP","regulation of cellular response to growth factor stimulus","GO:0090287","0.04088756737126888","1.388408727270601","275","3216","82","16592","HES5,PRDM16,SOX11,EMILIN1,XDH,NRXN1,ZEB2,LRP2,TGFBR2,VEPH1,SKIL,NRROS,SLIT2,ADAMTS3,BMPR1B,FGF2,ING2,SNX25,SEMA6A,SPRY4,TFAP2B,CD109,CITED2,DLL1,BMPER,VWC2,GRB10,SMURF1,CAV1,HIPK2,ZNF703,SULF1,CER1,DAB2IP,CRB2,ENG,ADAMTSL2,GATA3,BAMBI,JCAD,MMRN2,HHEX,CDKN1C,CREB3L1,VEGFB,FGF4,FOLR1,SORL1,NTF3,GDF3,ITGA5,LEMD3,LATS2,SHISA2,CNMD,BMP4,OTX2,GREM1,SPRED1,THBS1,FBN1,RBPMS2,NTRK3,WFIKKN1,CREBBP,VASN,TGFB1I1,ZNF423,MYO1C,FLCN,SMAD7,CCBE1,STK11,LTBP4,CADM4,C20ORF27,BMP2,DOK5,PMEPA1,PPARA,TNMD,CHRDL1"
"GO:BP","chordate embryonic development","GO:0043009","0.04186077349006436","1.3781927511678242","186","3216","60","16592","DVL1,HES5,LUZP1,GRHL3,FOXD3,TGFB2,SOX11,LRP2,CASP8,EOMES,TGFBR2,PDGFRA,TFAP2A,POU5F1,VEGFA,C6ORF141,BMP5,HEY2,DLL1,LFNG,COBL,DLC1,CHD7,SULF1,GRHL2,CRB2,LMX1B,GATA3,KIAA1217,PAX2,FGFR2,E2F8,FOLR1,WNT11,PRICKLE1,COL2A1,KDM2B,BMP4,DACT1,SIX1,MTHFD1,FUT8,GSC,APBA2,FOXB1,ARNT2,SOX8,PKD1,IRX5,SOX15,FLCN,LHX1,HOXB3,SOX9,BMP2,BMP7,TBX1,WNT7B,CELSR1,PLXNB2"
"GO:BP","alcohol biosynthetic process","GO:0046165","0.041881470813684485","1.3779780749623765","128","3216","45","16592","H6PD,WNT4,DHCR24,HSD17B7,ITPKB,SPR,PTH1R,QDPR,SRD5A3,FGF2,MSMO1,HMGCS1,HMGCR,IP6K3,BMP5,NUS1,ACAT2,CYP51A1,INSIG1,FDFT1,PTK2B,SQLE,ABCA2,IDI1,IPMK,DHCR7,SC5D,LPCAT3,MVK,GCH1,SPTLC2,CACNA1H,MBTPS1,MVD,SREBF1,ACLY,ACAA2,ISYNA1,BMP2,SPTLC3,ABCG1,LSS,PDXP,EBP,NSDHL"
"GO:BP","reproductive system development","GO:0061458","0.043142039897437034","1.3650993238775233","151","3216","51","16592","WNT4,WDR77,RAB13,TGFB2,MSH2,LRP2,CASP8,EOMES,SLIT2,PDGFRA,KIT,SPP1,BMPR1B,APELA,ING2,STOX2,ZFP42,SLIT3,PPARD,CUL7,VEGFA,BMP5,HEY2,CITED2,ITGB8,NKX3-1,CHD7,SULF1,ANXA1,AKR1C3,GATA3,NCOA4,NODAL,FGF8,FGFR2,UTF1,E2F8,TBX3,DHX37,STRA6,NR2F2,SOX8,PKD1,SALL1,IRX5,SOX15,LHX1,SOX9,BMP7,COL9A3,WNT7B"
"GO:BP","reproductive structure development","GO:0048608","0.043142039897437034","1.3650993238775233","151","3216","51","16592","WNT4,WDR77,RAB13,TGFB2,MSH2,LRP2,CASP8,EOMES,SLIT2,PDGFRA,KIT,SPP1,BMPR1B,APELA,ING2,STOX2,ZFP42,SLIT3,PPARD,CUL7,VEGFA,BMP5,HEY2,CITED2,ITGB8,NKX3-1,CHD7,SULF1,ANXA1,AKR1C3,GATA3,NCOA4,NODAL,FGF8,FGFR2,UTF1,E2F8,TBX3,DHX37,STRA6,NR2F2,SOX8,PKD1,SALL1,IRX5,SOX15,LHX1,SOX9,BMP7,COL9A3,WNT7B"
"GO:BP","regulation of cell adhesion mediated by integrin","GO:0033628","0.04515298414120735","1.3453135420673588","41","3216","20","16592","EPHA2,EPHA8,MUC1,TGFB2,ITGB1BP1,CYP1B1,DPP4,SFRP2,SERPINE1,PODXL,SNAI2,LYN,SYK,RET,PLAU,PDE3B,FERMT3,WNK1,FOXC2,ADA"
"GO:BP","negative regulation of axon extension","GO:0030517","0.04542662715068427","1.3426895076103043","32","3216","17","16592","SEMA6C,SEMA4A,BCL11A,SEMA4F,MAP2,SEMA3F,SEMA3B,SEMA3G,SEMA5B,SEMA6A,KIAA0319,SEMA3C,SEMA3E,SEMA3D,SEMA6D,SEMA6B,PTPRS"
"GO:BP","negative chemotaxis","GO:0050919","0.046650434172548175","1.331144309948255","35","3216","18","16592","SEMA6C,SEMA4A,SEMA4F,SEMA3F,SEMA3B,SEMA3G,SLIT2,UNC5C,SEMA6A,SLIT3,EPHA7,PDGFA,SEMA3C,SEMA3E,SEMA3D,SLIT1,SEMA6D,SEMA6B"
"GO:BP","synapse assembly","GO:0007416","0.04702570487919688","1.3276646859880818","121","3216","43","16592","AGRN,DVL1,SEMA4A,WNT3A,NRXN1,DNER,RAB17,SETD5,EPHB1,CLSTN2,SLITRK3,NLGN1,LGI2,GRID2,GPM6A,PCDHB4,PCDHB9,PCDHB10,PCDHB11,GABRB2,MDGA1,FZD1,CDK5,ZDHHC12,CEL,PTEN,SLIT1,SHANK2,POU4F1,SLITRK1,SLITRK5,LRFN5,GABRB3,CDH1,ABI3,SDK2,CDH2,LRRC4B,SHANK1,FLRT3,PLXNB2,NLGN4X,FGF13"
"GO:BP","peptidyl-serine phosphorylation","GO:0018105","0.04921918388208984","1.307865591739341","268","3216","80","16592","PRKCZ,PINK1,GADD45A,IKBKE,MAPKAPK2,CAMK1G,WNT3A,AKT3,ROCK2,PRKCE,NRXN1,CNOT9,CAMK1,TGFBR2,GPD1L,TDGF1,CAMKV,CAMK2D,SFRP2,FNIP2,PDE4D,MAST4,CAMK4,STK32A,MAPK13,VEGFA,SGK1,RPS6KA2,AKAP9,SRPK2,CAV1,HIPK2,CDK5,PRKCQ,DKK1,STOX1,DDIT4,PTEN,TRIM6,CD44,RPS6KA4,GRK2,PAK1,WNK1,NTF3,CAPRIN2,MAP3K12,NOS1,ULK1,LATS2,GAS6,PRKCH,RPS6KA5,AKT1,TTBK2,CSNK1G1,NTRK3,AXIN1,PKD1,CDK5R1,PRKCA,SMAD7,CSNK1G2,MKNK2,SH2D3A,PKN1,MAST3,DYRK1B,MAP3K10,DMPK,HRC,BRSK1,RASSF2,SGK2,STK4,MIF,TAF1,RPS6KA6,TENM1,PNCK"
"GO:CC","cell leading edge","GO:0031252","0.00002035422360987325","4.691345458667952","287","3277","92","17290","PDPN,EPHA2,ASAP3,MACF1,KCNC4,RAB13,ACTA1,ITGB1BP1,SPTBN1,CCDC88A,ANTXR1,CXCR4,DPP4,FGD5,PHLDB2,MYLK,LDB2,RUFY3,PTPN13,UNC5C,PALLD,IQGAP2,JMY,GRIA1,UNC5A,CARMIL1,PACSIN1,DST,MYO6,ARHGAP18,EZR,FSCN1,AMPH,COBL,CDK6,PODXL,CNTNAP2,DLC1,PSD3,PTK2B,SNTG1,KANK1,DDX58,TSC1,JCAD,ACTA2,PLCE1,PSD,SLK,ABLIM1,SHTN1,CD44,PAK1,THY1,C2CD5,LIMA1,ITGA5,APPL2,TRPV4,ARPC3,STX2,WASF3,LCP1,SYNE2,AKAP5,EVL,CDC42BPB,AKT1,GABRA5,ACTC1,TPM1,SHISA9,RIPOR1,CDH1,MTSS2,PLCG2,TUBB3,SHISA6,MYO1D,ABI3,PPP1R9B,NME1,EPB41L3,PTPRM,CDH2,ABCA7,CADM4,KCNC3,MYH9,PDXP,FGD1,GABRA3"
"GO:CC","postsynaptic specialization","GO:0099572","0.0005119379282648268","3.290782693411426","154","3277","54","17290","SH2D5,DLGAP3,SYT11,STRN,ADD2,LRRTM1,INPP4A,P2RY1,SLITRK3,NLGN1,CTNND2,GRIA1,RGS14,LRFN2,FYN,MAGI2,ADAM22,PPP1R9A,KCND2,CDK5,ZDHHC2,PTK2B,RPL7,FABP5,SIGMAR1,DNM1,NSMF,SHANK2,NOS1,CABP1,LRFN5,AKAP5,INSYN1,CHRNA3,HOMER2,SHISA9,DLG4,SHISA6,CDK5R1,ABI3,SAMD14,PPP1R9B,CACNG5,DLGAP1,CDH2,NETO1,PTPRS,ADGRL1,LRFN1,SLC8A2,SHANK1,PRNP,DLGAP4,MX1"
"GO:CC","membrane raft","GO:0045121","0.0014306892284006324","2.844454692619153","210","3277","67","17290","PDPN,LCK,LRP8,PLPP3,S100A10,CAPN2,ADD2,TFPI,RFTN1,TGFBR2,SCN5A,TDGF1,HYAL2,PLSCR1,MME,KDR,ABCG2,ADCY2,PLPP1,RRAGD,CD24,FYN,EZR,DLL1,CARD11,CAV1,KCND2,NOS3,DLC1,TNFRSF10A,LYN,SULF1,MAL2,ARC,TEK,CAVIN4,ABCA1,STOM,FAS,MYOF,SORBS1,KCNQ1,AHNAK,PPP2R1B,THY1,NOS1,SCARB1,AKAP5,CLN6,CHRNA3,FURIN,EMP2,CDH1,MYO1C,CAVIN1,PLPP2,ARID3A,CLIP3,CD177,EHD2,PRNP,HCK,SRC,NFAM1,GPM6B,RRAGB,PGK1"
"GO:CC","membrane microdomain","GO:0098857","0.0017131244137291175","2.766211095742039","211","3277","67","17290","PDPN,LCK,LRP8,PLPP3,S100A10,CAPN2,ADD2,TFPI,RFTN1,TGFBR2,SCN5A,TDGF1,HYAL2,PLSCR1,MME,KDR,ABCG2,ADCY2,PLPP1,RRAGD,CD24,FYN,EZR,DLL1,CARD11,CAV1,KCND2,NOS3,DLC1,TNFRSF10A,LYN,SULF1,MAL2,ARC,TEK,CAVIN4,ABCA1,STOM,FAS,MYOF,SORBS1,KCNQ1,AHNAK,PPP2R1B,THY1,NOS1,SCARB1,AKAP5,CLN6,CHRNA3,FURIN,EMP2,CDH1,MYO1C,CAVIN1,PLPP2,ARID3A,CLIP3,CD177,EHD2,PRNP,HCK,SRC,NFAM1,GPM6B,RRAGB,PGK1"
"GO:CC","leading edge membrane","GO:0031256","0.0032021329570107414","2.4945606395318647","109","3277","40","17290","PDPN,EPHA2,MACF1,KCNC4,SPTBN1,ANTXR1,GRIA1,UNC5A,PACSIN1,AMPH,CNTNAP2,DLC1,PSD3,SNTG1,KANK1,DDX58,JCAD,PSD,CD44,THY1,C2CD5,ITGA5,APPL2,TRPV4,SYNE2,AKAP5,GABRA5,TPM1,SHISA9,MTSS2,PLCG2,SHISA6,MYO1D,PPP1R9B,NME1,EPB41L3,ABCA7,KCNC3,PDXP,GABRA3"
"GO:CC","postsynapse","GO:0098794","0.0033236135337720786","2.4783894812501366","281","3277","83","17290","SH2D5,DLGAP3,GRIK3,SYT11,CNIH3,ACTN2,STRN,ADD2,LRRTM1,INPP4A,EPHA4,CLSTN2,P2RY1,SLITRK3,NLGN1,GRID2,PPP3CA,CTNND2,GRIA1,TENM2,RGS14,AGER,LRFN2,ADGRB3,FYN,HIP1,MAGI2,ADAM22,PPP1R9A,PSMC2,PRKAR2B,KCND2,DGKI,CDK5,ZDHHC2,LZTS1,PTK2B,RPL7,FABP5,CALB1,ARC,SIGMAR1,APBA1,DNM1,ABL1,NSMF,SHANK2,GRIA4,NOS1,CABP1,KCTD12,LRFN5,AKAP5,GABRA5,APBA2,INSYN1,CHRNA3,HOMER2,SHISA9,TRPV1,DLG4,SHISA6,CDK5R1,ABI3,SAMD14,PPP1R9B,TANC2,CACNG5,DLGAP1,CDH2,NETO1,PTPRS,ADGRL1,LRFN1,GRIK5,SLC8A2,SHANK1,PRNP,DLGAP4,MX1,DIP2A,OPHN1,GABRA3"
"GO:CC","postsynaptic density","GO:0014069","0.005943883476020061","2.225929713079502","146","3277","49","17290","SH2D5,SYT11,STRN,ADD2,INPP4A,P2RY1,NLGN1,CTNND2,GRIA1,RGS14,LRFN2,FYN,MAGI2,ADAM22,PPP1R9A,KCND2,CDK5,ZDHHC2,PTK2B,RPL7,FABP5,SIGMAR1,DNM1,NSMF,SHANK2,NOS1,CABP1,LRFN5,AKAP5,INSYN1,CHRNA3,HOMER2,SHISA9,DLG4,SHISA6,CDK5R1,ABI3,SAMD14,PPP1R9B,CACNG5,CDH2,NETO1,PTPRS,ADGRL1,LRFN1,SLC8A2,SHANK1,PRNP,MX1"
"GO:CC","filopodium","GO:0030175","0.00947773322581981","2.023295519754039","66","3277","27","17290","PDPN,DNALI1,ACTA1,ACTN2,ANTXR1,MAP2,NLGN1,RUFY3,UNC5C,GPM6A,IQGAP2,TENM2,EZR,FSCN1,PODXL,MYO3A,ACTA2,MORN4,SHTN1,TRPV4,LCP1,SYNE2,ACTC1,TUBB3,PPP1R9B,PALM,FGF13"
"GO:CC","asymmetric synapse","GO:0032279","0.010967905421279194","1.9598763032216118","153","3277","50","17290","SH2D5,SYT11,STRN,ADD2,INPP4A,P2RY1,NLGN1,CTNND2,GRIA1,RGS14,LRFN2,FYN,MAGI2,ADAM22,PPP1R9A,KCND2,CDK5,ZDHHC2,PTK2B,RPL7,FABP5,SIGMAR1,DNM1,NSMF,SHANK2,NOS1,CABP1,LRFN5,AKAP5,INSYN1,CHRNA3,HOMER2,SHISA9,DLG4,SHISA6,CDK5R1,ABI3,SAMD14,PPP1R9B,CACNG5,CDH2,NETO1,PTPRS,ADGRL1,LRFN1,SLC8A2,SHANK1,PRNP,MX1,NLGN4X"
"GO:CC","neuron to neuron synapse","GO:0098984","0.011026628854392815","1.957557243109713","157","3277","51","17290","SH2D5,SYT11,STRN,ADD2,INPP4A,P2RY1,NLGN1,CTNND2,GRIA1,RGS14,LRFN2,FYN,MAGI2,ADAM22,PPP1R9A,KCND2,CDK5,ZDHHC2,PTK2B,RPL7,FABP5,SIGMAR1,DNM1,NSMF,SHANK2,NOS1,CABP1,LRFN5,AKAP5,INSYN1,CHRNA3,HOMER2,SHISA9,DLG4,ATP1B2,SHISA6,CDK5R1,ABI3,SAMD14,PPP1R9B,CACNG5,CDH2,NETO1,PTPRS,ADGRL1,LRFN1,SLC8A2,SHANK1,PRNP,MX1,NLGN4X"
"GO:CC","actin-based cell projection","GO:0098858","0.015149305550667952","1.8196072749125267","131","3277","44","17290","PDPN,SYTL1,DNALI1,ACTA1,ACTN2,ANTXR1,MAP2,HYAL2,NLGN1,RUFY3,UNC5C,GPM6A,IQGAP2,TENM2,MYO6,EZR,PDGFA,FSCN1,PODXL,TEK,TPRN,MYO3A,CDH23,ACTA2,MORN4,SHTN1,CD44,FCHSD2,MYO7A,TRPV4,LCP1,SLC7A8,SYNE2,ACTC1,CIB2,HOMER2,SLC7A5,TUBB3,MYO1C,MYO1D,PPP1R9B,PALM,TSPEAR,FGF13"
"GO:CC","dendritic spine","GO:0043197","0.015728513226466685","1.8033123281115138","93","3277","34","17290","SYT11,ACTN2,STRN,EPHA4,NLGN1,GRID2,PPP3CA,GRIA1,TENM2,RGS14,PSMC2,PRKAR2B,KCND2,DGKI,LZTS1,PTK2B,CALB1,ARC,APBA1,DNM1,SHANK2,GRIA4,AKAP5,APBA2,SHISA9,DLG4,SHISA6,CDK5R1,ABI3,TANC2,SHANK1,MX1,DIP2A,OPHN1"
"GO:CC","neuron spine","GO:0044309","0.020200397988515754","1.6946400739932994","94","3277","34","17290","SYT11,ACTN2,STRN,EPHA4,NLGN1,GRID2,PPP3CA,GRIA1,TENM2,RGS14,PSMC2,PRKAR2B,KCND2,DGKI,LZTS1,PTK2B,CALB1,ARC,APBA1,DNM1,SHANK2,GRIA4,AKAP5,APBA2,SHISA9,DLG4,SHISA6,CDK5R1,ABI3,TANC2,SHANK1,MX1,DIP2A,OPHN1"
"GO:CC","cell body","GO:0044297","0.03001123042220673","1.5227161986897595","233","3277","68","17290","MUL1,PINK1,GRIK3,PRKAA2,BTBD8,KCNC4,KCNN3,ATP1A2,TGFB2,ACTA1,STRN,NRXN1,MAP2,RAB17,P2RY1,MME,RUFY3,GPM6A,CTNND2,GRIA1,SNCB,UNC5A,ITPR3,FYN,COBL,KCND2,CNTNAP2,CDK5,PTK2B,CALB1,ARC,BRINP1,DAB2IP,ABL1,OLFM1,NSMF,SNCG,ACTA2,SHTN1,KNDC1,GAL,SHANK2,GRIA4,THY1,SLC38A1,PDE1B,P2RX4,RIN3,ACTC1,MAP1A,CHRNA3,MAPK8IP3,CX3CL1,SRR,ATP1B2,CDK5R1,MYO1D,RNF157,ADCYAP1,KLHL14,MBP,GRIN3B,CACNA1A,KCNN1,SLC8A2,TRPM4,KCNC3,PGRMC1"
"GO:CC","actomyosin","GO:0042641","0.03937918148141908","1.4047333151607602","60","3277","24","17290","ACTA1,MYLK,LIMCH1,PALLD,PDLIM7,MICALL2,FSCN1,PDLIM2,TEK,NEBL,PDLIM1,SORBS1,ABLIM1,LIMA1,LCP1,DAAM1,CDC42BPB,TPM1,MYO18A,TPM4,SIPA1L3,MYH14,GAS2L1,MYH9"
"GO:CC","distal axon","GO:0150034","0.040748974420011276","1.3898833172144296","144","3277","46","17290","DVL1,GRIK3,NRXN1,LRRTM1,MAP2,BOC,CPLX1,NMU,RUFY3,UNC5C,PRSS12,GPM6A,TENM2,SNCB,PACSIN1,FSCN1,COBL,AUTS2,CDK5,PTK2B,CALB1,UNC13B,OLFM1,SNCG,SHTN1,SLC18A2,BRSK2,SHANK2,THY1,NTS,TRPV4,OTX2,MYO9A,PRRT2,CALB2,TUBB3,CDK5R1,CBARP,ADGRL1,UNC13A,RAB3A,SLC8A2,BRSK1,FLRT3,OPHN1,FGF13"
"GO:CC","presynapse","GO:0098793","0.04117138143684666","1.385404560733038","231","3277","67","17290","IGSF21,GRIK3,BTBD8,SYPL2,SV2A,RAB13,SYT11,SYT2,PPFIA4,SLC30A3,STON1,NRXN1,SYN2,MME,CPLX1,NMU,PRSS12,RAB3C,MCTP1,SNCB,PACSIN1,RIMS1,PNISR,SYNJ2,ICA1,AMPH,STX1A,HIP1,PTPRN2,CALB1,RIMS2,UNC13B,APBA1,SNCG,DNMBP,SLC18A2,SYT7,PDE2A,NTF3,PPFIBP1,SYT1,NTS,STX2,KCTD12,TRIM9,RAB15,STON2,DMXL2,MCTP2,PRRT2,STX1B,CALB2,DLG4,RAB40B,CDH2,SYT4,PTPRS,ADGRL1,UNC13A,RAB3A,SLC8A2,SLC17A7,BRSK1,FLRT3,SYN3,SYP,OPHN1"
"KEGG","Axon guidance","KEGG:04360","7.979395780413566e-12","11.09802999325668","181","1563","79","8000","PRKCZ,EPHA2,WNT4,EPHA8,SEMA6C,SEMA4A,PLXNA2,ROCK2,DPYSL5,SEMA4F,CXCR4,EPHA4,NGEF,SRGAP3,SEMA3F,GNAI2,SEMA3B,SEMA3G,BOC,SEMA5B,PLXNA1,EPHB1,MYL5,ABLIM2,SLIT2,BMPR1B,UNC5C,PPP3CA,CAMK2D,PIK3R1,EFNA5,SEMA6A,SLIT3,UNC5A,EPHA7,FYN,SEMA3C,SEMA3E,SEMA3D,MET,LRRC4,EPHB6,EPHA1,CDK5,PPP3CC,RGS3,ABL1,NRP1,CXCL12,UNC5B,SLIT1,ABLIM1,LRRC4C,PAK1,ARHGEF12,ROBO3,SRGAP1,SSH1,TRPC4,NFATC4,PAK6,SEMA6D,RGMA,PARD6A,PLCG2,SSH2,PRKCA,DCC,PARD6G,SEMA6B,RRAS,MYL9,SRC,NFATC2,BMP7,PLXNB2,EFNB1,PAK3,TRPC5"
"KEGG","Focal adhesion","KEGG:04510","0.000008114776128077243","5.0907234570677975","200","1563","71","8000","JUN,VAV3,THBS3,TNN,LAMC1,LAMC2,CAPN2,AKT3,ROCK2,FN1,ITGA9,LAMB2,MYLK,MYL5,PDGFRA,KDR,MAPK10,SPP1,EGF,VEGFC,ITGA1,ITGA2,PIK3R1,PDGFRB,TNXB,CCND3,VEGFA,COL9A1,FYN,LAMA4,THBS2,PDGFA,ITGB8,MYL7,RELN,CAV1,MET,FLNC,PIP5K1B,SHC3,TNC,LAMC3,RAPGEF1,PTEN,DOCK1,VEGFB,PAK1,PDGFD,VWF,COL2A1,ITGA5,FLT1,PGF,AKT1,THBS1,PAK6,MYLPF,ERBB2,ITGA2B,PRKCA,BCL2,SHC2,PIP5K1C,MYL9,SRC,LAMA5,COL9A3,COL6A1,COL4A6,COL4A5,PAK3"
"KEGG","Wnt signaling pathway","KEGG:04310","0.000016987989803026086","4.769858008364831","166","1563","61","8000","DVL1,CTNNBIP1,WNT4,JUN,VANGL1,WNT3A,ROCK2,FZD7,WNT6,PRICKLE2,RUVBL1,MAPK10,PPP3CA,CXXC4,LEF1,CAMK2D,SFRP2,NKD2,CTNND2,TCF7,PPARD,CCND3,RSPO3,FZD1,PPP3CC,SFRP1,MYC,CER1,TLE4,TLE1,ROR2,INVS,BAMBI,FZD8,DKK1,FRAT1,FRAT2,SFRP5,WNT8B,CTBP2,LRP5,WNT11,PRICKLE1,WIF1,LGR5,NFATC4,DAAM1,PLCB2,AXIN1,CREBBP,SERPINF1,FZD2,WNT3,PRKCA,TLE6,TLE2,PLCB1,NFATC2,WNT7B,TBL1X,TBL1Y"
"KEGG","Calcium signaling pathway","KEGG:04020","0.00010010548061776347","3.9995421449293254","239","1563","78","8000","MCOLN3,CASQ1,CACNA1E,CAMK1G,ITPKB,RYR2,CHRM3,TACR1,CXCR4,PLCD4,CAMK1,MST1R,TNNC1,MYLK,FGFR3,PDGFRA,KDR,PPP3CA,TACR3,EGF,CAMK2D,FGF2,EDNRA,VEGFC,ADCY2,CAMK4,PDGFRB,HRH2,FGFR4,ITPR3,VEGFA,PDGFA,ADCY1,ORAI2,MET,NOS3,FGF17,PPP3CC,PTK2B,GNA14,GNAQ,RET,VDAC2,HTR7,PLCE1,FGF8,FGFR2,CCKBR,VEGFB,FGF19,FGF4,PDGFD,ITPR2,PDE1B,ERBB3,NOS1,P2RX4,FLT1,EDNRB,RYR3,PLCB2,NTRK3,CACNA1H,ADCY7,PLCG2,P2RX5,ATP2A3,NOS2,ERBB2,PLCD3,PRKCA,CACNA1A,SLC8A2,HRC,PLCB1,GRPR,CACNA1F,SLC25A5"
"KEGG","Rap1 signaling pathway","KEGG:04015","0.00015518804332355279","3.8091417426051364","210","1563","70","8000","PRKCZ,EPHA2,LPAR3,VAV3,MAGI3,SIPA1L2,AKT3,GNAI2,MAGI1,ADCY5,P2RY1,FGFR3,PDGFRA,KIT,KDR,EGF,FGF2,VEGFC,ADCY2,PIK3R1,EFNA5,PDGFRB,FGFR4,RGS14,MAPK13,VEGFA,AFDN,PDGFA,RAPGEF5,ADCY1,MAGI2,MET,FGF17,TEK,GNAQ,LPAR1,RAPGEF1,RALGDS,PLCE1,FGF8,FGFR2,VEGFB,RASGRP2,FGF19,FGF4,PDGFD,ADCY6,FLT1,PGF,EVL,AKT1,THBS1,PLCB2,ADCY7,GNAO1,PARD6A,CDH1,PFN1,ITGA2B,NGFR,PRKCA,MAP2K6,PARD6G,SIPA1L3,RRAS,PLCB1,ID1,SRC,TIAM1,MAPK11"
"KEGG","Signaling pathways regulating pluripotency of stem cells","KEGG:04550","0.0004975985974326937","3.3031208524492714","143","1563","51","8000","DVL1,WNT4,JAK1,LEFTY1,LEFTY2,WNT3A,AKT3,OTX1,FZD7,WNT6,SKIL,PCGF3,FGFR3,BMPR1B,FGF2,LIFR,IL6ST,PIK3R1,TCF7,FGFR4,JARID2,ID4,POU5F1,MAPK13,FZD1,DLX5,KAT6A,MYC,KLF4,FZD8,NODAL,PCGF5,WNT8B,FGFR2,PAX6,WNT11,NANOG,LHX5,TBX3,BMP4,ESRRB,AKT1,ONECUT1,AXIN1,ZFHX3,FZD2,WNT3,ID1,WNT7B,MAPK11,DUSP9"
"KEGG","Notch signaling pathway","KEGG:04330","0.0005220056660328618","3.2823247829872946","59","1563","27","8000","DVL1,HES5,HEYL,NOTCH2,APH1A,KAT2B,DTX3L,MAML3,ATXN1,HEY2,DLL1,LFNG,DTX2,TLE4,TLE1,CTBP2,DTX4,MAML2,DTX1,NCOR2,APH1B,CREBBP,TLE6,TLE2,DLL3,JAG1,MFNG"
"KEGG","MAPK signaling pathway","KEGG:04010","0.000616093403800609","3.210353440952301","294","1563","89","8000","EPHA2,JUN,GADD45A,CACNA1E,ELK4,MAPKAPK2,TGFB2,AKT3,MAP4K3,PPM1B,DUSP2,MAP3K2,TGFBR2,MYD88,CACNA2D3,MECOM,FGFR3,PDGFRA,KIT,KDR,MAPK10,PPP3CA,EGF,FGF2,VEGFC,CASP3,RASGRF2,EFNA5,PDGFRB,FGFR4,MAPK13,VEGFA,RPS6KA2,PDGFA,HSPB1,CACNA2D1,MET,FLNC,FGF17,PPP3CC,DUSP4,MYC,TEK,GADD45G,CACNB2,FAS,FGF8,DUSP5,FGFR2,DUSP8,RRAS2,VEGFB,RPS6KA4,RASGRP2,MAP3K11,FGF19,FGF4,ARRB1,PAK1,PDGFD,NTF3,CACNB3,MAP3K12,ERBB3,TAOK3,FLT1,PGF,RPS6KA5,AKT1,CACNA1H,MAPK8IP3,TAOK1,ERBB2,MAP3K14,NGFR,MAP3K3,PRKCA,CACNG5,MAP2K6,MKNK2,CACNA1A,JUND,RRAS,STK4,MAPK11,CACNA1F,RPS6KA6,DUSP9,IRAK1"
"KEGG","Steroid biosynthesis","KEGG:00100","0.0014281048238090975","2.8452399138966356","20","1563","13","8000","DHCR24,HSD17B7,SOAT1,MSMO1,CYP51A1,FDFT1,SQLE,CEL,DHCR7,SC5D,LSS,EBP,NSDHL"
"KEGG","ECM-receptor interaction","KEGG:04512","0.003011224485793551","2.5212568667697774","88","1563","34","8000","AGRN,SV2A,THBS3,TNN,LAMC1,LAMC2,FN1,ITGA9,LAMB2,CD47,FRAS1,SPP1,NPNT,ITGA1,ITGA2,TNXB,COL9A1,LAMA4,THBS2,ITGB8,RELN,TNC,LAMC3,CD44,VWF,COL2A1,ITGA5,THBS1,ITGA2B,LAMA5,COL9A3,COL6A1,COL4A6,COL4A5"
"KEGG","Breast cancer","KEGG:05224","0.006051144330878267","2.218162488224992","147","1563","49","8000","DVL1,HES5,WNT4,E2F2,HEYL,JUN,GADD45A,NOTCH2,WNT3A,AKT3,FZD7,WNT6,KIT,LEF1,EGF,FGF2,PIK3R1,POLK,TCF7,CDKN1A,HEY2,DLL1,FZD1,CDK6,FGF17,MYC,SHC3,GADD45G,FZD8,PTEN,FRAT1,FRAT2,WNT8B,FGF8,LRP5,FGF19,FGF4,WNT11,BRCA2,TNFSF11,AKT1,AXIN1,ERBB2,FZD2,WNT3,SHC2,DLL3,JAG1,WNT7B"
"KEGG","EGFR tyrosine kinase inhibitor resistance","KEGG:01521","0.012996186873374758","1.8861840525215778","79","1563","30","8000","JAK1,IL6R,AKT3,BCL2L11,FGFR3,PDGFRA,KDR,EGF,FGF2,PIK3R1,PDGFRB,VEGFA,FOXO3,PDGFA,MET,EIF4EBP1,SHC3,PTEN,FGFR2,PDGFD,ERBB3,GAS6,AKT1,PLCG2,ERBB2,PRKCA,BCL2,SHC2,AXL,SRC"
"KEGG","AGE-RAGE signaling pathway in diabetic complications","KEGG:04933","0.02433971411327602","1.613684527164123","100","1563","35","8000","PRKCZ,JUN,F3,TGFB2,AKT3,PRKCE,FN1,PLCD4,TGFBR2,MAPK10,VEGFC,CASP3,PIK3R1,EGR1,EDN1,AGER,MAPK13,VEGFA,SERPINE1,NOS3,PLCE1,VEGFB,FOXO1,AKT1,PLCB2,PLCG2,STAT5B,PLCD3,PRKCA,BCL2,ICAM1,PLCB1,MAPK11,COL4A6,COL4A5"
"KEGG","Glutamatergic synapse","KEGG:04724","0.041377395394280196","1.3832368505840822","114","1563","38","8000","GRIK3,GLUL,GNG4,GLS,GNAI2,GRM2,ADCY5,PPP3CA,ADCY2,GRIA1,ITPR3,ADCY1,PPP3CC,GNAQ,GRK2,SHANK2,GRIA4,GNB3,ITPR2,SLC38A1,ADCY6,GLS2,GNG2,PLCB2,HOMER2,ADCY7,GNAO1,DLG4,PRKCA,DLGAP1,GRIN3B,CACNA1A,GRIK5,SLC17A7,SHANK1,PLCB1,GRK3,SHANK3"
"KEGG","p53 signaling pathway","KEGG:04115","0.04689499135390997","1.328873539875914","73","1563","27","8000","GADD45A,RRM2,STEAP3,CASP8,RCHY1,CCNG2,CASP3,CDKN1A,CCND3,CYCS,IGFBP3,CDK6,SERPINE1,TNFRSF10A,CCNE2,GADD45G,AIFM2,PTEN,FAS,SESN3,SIVA1,THBS1,PMAIP1,BCL2,CCNE1,BBC3,BID"
"REAC","Extracellular matrix organization","REAC:R-HSA-1474244","0.000007798713351053873","5.107977042262041","298","2085","99","10622","AGRN,COL8A2,COL11A1,CTSK,BCAN,TNN,LAMC1,LAMC2,COLGALT2,TGFB2,CAPN2,MATN3,EMILIN1,NRXN1,EFEMP1,COL5A2,FN1,ITGA9,COL7A1,LAMB2,ADAMTS9,CD47,PLOD2,P3H2,KDR,ADAMTS3,SPP1,COL25A1,FGF2,CASP3,KLKB1,ADAMTS16,ITGA1,ITGA2,VCAN,HAPLN1,P4HA2,PHYKPL,COL23A1,TNXB,SCUBE3,CAPN11,COL21A1,COL9A1,COL12A1,LAMA4,PDGFA,ITGB8,SERPINE1,SDC2,COL22A1,TNC,LAMC3,ADAMTS14,P4HA1,TLL2,SH3PXD2A,CD44,CAPN1,ADAMTS8,VWF,COL2A1,ITGA5,MMP17,BMP4,LTBP2,FBLN5,THBS1,MFAP1,FBN1,PPIB,LOXL1,ACAN,FURIN,MMP25,CDH1,MFAP4,ITGA2B,PRKCA,EMILIN2,PTPRS,ICAM1,ICAM3,LTBP4,KLK7,BMP2,MMP24,EMILIN3,MMP9,BMP7,LAMA5,COL9A3,JAM2,ADAMTS1,COL6A1,MMP11,SCUBE1,COL4A6,COL4A5"
"REAC","Cholesterol biosynthesis","REAC:R-HSA-191273","0.00037983730193570355","3.4204023875996534","24","2085","16","10622","DHCR24,HSD17B7,MSMO1,HMGCS1,ACAT2,CYP51A1,FDFT1,SQLE,IDI1,DHCR7,SC5D,MVK,MVD,LSS,EBP,NSDHL"
"REAC","Activation of gene expression by SREBF (SREBP)","REAC:R-HSA-2426168","0.0004024240294545944","3.395316094681862","40","2085","22","10622","ELOVL6,HMGCS1,CYP51A1,SMARCD3,FDFT1,SQLE,RXRA,IDI1,SCD,GPAM,DHCR7,SC5D,MVK,CREBBP,CHD9,MVD,ACACA,FASN,NCOA6,LSS,PPARA,TBL1X"
"REAC","Regulation of cholesterol biosynthesis by SREBP (SREBF)","REAC:R-HSA-1655829","0.00297194897675999","2.5269586509349486","53","2085","25","10622","ELOVL6,SEC24D,HMGCS1,CYP51A1,SMARCD3,INSIG1,FDFT1,SQLE,RXRA,IDI1,SCD,GPAM,DHCR7,SC5D,MVK,CREBBP,CHD9,MBTPS1,MVD,ACACA,FASN,NCOA6,LSS,PPARA,TBL1X"
"REAC","Transcriptional regulation of pluripotent stem cells","REAC:R-HSA-452723","0.004399975055026274","2.356549785671801","22","2085","14","10622","FOXD3,PBX1,EPAS1,TDGF1,DPPA4,FGF2,POU5F1,EPHA1,PRDM14,KLF4,NANOG,ZSCAN10,SALL1,HIF3A"
"REAC","Transmission across Chemical Synapses","REAC:R-HSA-112315","0.0047138168735586326","2.326627293332229","259","2085","80","10622","KIF17,GRIK3,PRKAA2,CACNA1E,GLUL,PPFIA4,GNG4,ACTN2,GAD1,GLS,TUBA4A,CAMK1,SYN2,GRIP2,GNAI2,CACNA2D3,ADCY5,CPLX1,CHRNA9,NAAA,CAMK2D,ADCY2,RASGRF2,CAMK4,GRIA1,GABRB2,TUBB2A,TUBB2B,GABBR1,RIMS1,MYO6,RPS6KA2,PRKAR1B,ADCY1,STX1A,PRKAR2B,NEFL,NCALD,UNC13B,APBA1,GABBR2,CACNB2,SLC18A2,GRIA4,HTR3A,GNB3,SLC38A1,ADCY6,CACNB3,GLS2,GRIP1,SYT1,GNG2,AKAP5,GABRB3,GABRA5,PLCB2,CHRNA3,CHRNB4,ABAT,ADCY7,TUBB3,DLG4,PRKCA,GRIN3B,TUBB4A,CACNA1A,RAB3A,GRIK5,SLC17A7,PLCB1,EPB41L1,SRC,COMT,SYN3,KCNJ4,MAOA,RPS6KA6,GABRA3,GABRQ"
"REAC","Protein-protein interactions at synapses","REAC:R-HSA-6794362","0.008570234641369297","2.0670072875217365","86","2085","34","10622","DLGAP3,SYT2,PPFIA4,NRXN1,LRRTM4,LRRTM1,SLITRK3,NLGN1,GRIA1,LRFN2,STX1A,APBA1,SYT7,SHANK2,GRIA4,PPFIBP1,SYT10,SYT1,SLITRK1,SLITRK5,NRXN3,APBA2,HOMER2,NTRK3,DLG4,DLGAP1,EPB41L3,PTPRS,LRFN1,LRRC4B,SHANK1,EPB41L1,DLGAP4,NLGN4X"
"REAC","Muscle contraction","REAC:R-HSA-397014","0.035842222035727074","1.4456050741231619","195","2085","61","10622","ATP1A2,CASQ1,LMOD1,ACTA1,KCNK1,ACTN2,RYR2,FKBP1B,DYSF,SCN9A,KAT2B,SCN5A,TNNC1,MYLK,MYL5,CAMK2D,ITGA1,ITPR3,KCNK5,MYL7,SRI,AKAP9,ORAI2,KCND2,CALD1,HIPK2,KCNH2,TPM2,ANXA1,TMOD1,VIM,CACNB2,ACTA2,SORBS1,KCNQ1,ACTN3,PAK1,FXYD6,ITPR2,TBX5,NOS1,RYR3,ACTC1,TMOD2,TMOD3,TPM1,MYLPF,ATP2A3,ATP1B2,TPM4,SCN1B,FXYD7,KCNK6,DMPK,SLC8A2,MYBPC2,TNNT1,TNNI3,MYL9,KCNJ4,FGF13"
"TF","Factor: Sp5; motif: ACCSCGCCKCCSS","TF:M07310","0.005681137569065486","2.2455646941301266","245","3623","75","19917","PRKCZ,HES2,RAB42,DPYSL5,SLC30A3,WDR54,LYPD6B,SPSB4,MED12L,LCORL,PITX2,GALNT7,IRX4,C5ORF38,IRX1,LIFR,EBF1,RNF145,TNXB,CDKN1A,EPHA7,HEY2,EZR,LFNG,JAZF1,TFPI2,AGFG2,ZDHHC2,PURG,TMEM64,UNC13B,MVB12B,RABL6,DUSP5,VEGFB,RAB39A,ETV6,TAOK3,ATP12A,CCDC169,RNASEH2B,CLMN,PACS2,SPRED1,TTBK2,LACTB,ABHD17C,CACNA1H,MAPK8IP3,FOXC2,RAP1GAP2,MINK1,SHISA6,ALDOC,CDK5R1,FZD2,HOXB13,BPTF,PHLPP1,NETO1,SALL3,PARD6G,SHC2,REXO1,SEMA6B,CCNE1,DOK5,LAMA5,SLC19A1,MTMR3,LGALS1,TRIOBP,TEF,TMSB15A,SLC6A8"
"MIRNA","hsa-miR-147a","MIRNA:hsa-miR-147a","0.018008685547994452","1.7445179851308112","147","3116","53","14823","CASZ1,MRPL37,TTLL7,LAD1,FLVCR1,VSNL1,DPYSL5,MAP2,SATB1,TGFBR2,ZNF860,TSC22D2,P3H2,ERVMER34-1,SRD5A3,CLOCK,ELOVL6,PPID,SEMA6A,JAKMIP2,CREBRF,CDKN1A,VEGFA,SLC2A12,SLC22A3,ELFN1,NDUFA4,CREB5,CDK6,RUNX1T1,SIGMAR1,PRRC2B,ZEB1,IFITM1,PLAAT3,PPP2R1B,PRICKLE1,NOS1,LHFPL6,PNP,ARID3B,MAF,COTL1,PFN1,SDK2,CACNA1A,UNC13A,CYP2S1,HIF3A,PPP1R16B,TRIOBP,NHS,EFNB1"
"MIRNA","hsa-miR-8064","MIRNA:hsa-miR-8064","0.04089850956676794","1.388292518367291","140","3116","50","14823","GRIK3,GSTM4,VANGL1,MAPKAPK2,MAP3K21,ZBTB18,STRN,BCL2L11,PER2,FGFR3,ZNF518B,GALNT7,ITGA1,RAB3C,C5ORF24,ATAT1,MDGA1,BACH2,TRAF3IP2,NUS1,EEPD1,RABGEF1,CDK6,AGO2,BNC2,MYORG,GNA14,BRD3,UNC5B,CRY2,OVOL1,ETS1,STYK1,SYT1,MLXIP,BRI3BP,GOLGA3,TPM1,FAM174B,STX1B,LCAT,CRISPLD2,ZDHHC7,UBTF,DSEL,WTIP,SPTLC3,B3GALT5,GRK3,PIM2"
"HP","Vesicoureteral reflux","HP:0000076","0.023458818616114683","1.6296938626988027","152","1015","57","4511","MFSD2A,NFIA,TAF13,VANGL1,PBX1,CHRM3,ZEB2,SETD5,SETD2,CEP63,FGFR3,CEP135,PPP3CA,AFF4,TNXB,BAZ1B,TBL2,CLIP2,SEMA3E,CDK6,KMT2C,CHD7,BNC2,CDK5RAP2,GATA3,JMJD1C,HPSE2,PAX2,FGFR2,KCNQ1,CDKN1C,PAX6,CHD4,PHC1,CIT,RALGAPA1,DACT1,SIX1,FBLN5,CEP152,STRA6,CHRNA3,ARNT2,CREBBP,SALL1,BPTF,GREB1L,CCBE1,SIX5,JAG1,ASXL1,NRIP1,TBX1,COMT,SHANK3,ATRX,CCNQ"
"HP","Abnormal ureter physiology","HP:0025634","0.03783666210397736","1.4220871834162292","175","1015","63","4511","MFSD2A,NFIA,TAF13,VANGL1,PBX1,LAMC2,CHRM3,ZEB2,SETD5,SETD2,CEP63,FGFR3,CEP135,PPP3CA,AFF4,TNXB,HLA-DPB1,BAZ1B,TBL2,CLIP2,SEMA3E,CDK6,KMT2C,CHD7,BNC2,CDK5RAP2,GATA3,JMJD1C,HPSE2,PAX2,FGFR2,KCNQ1,CDKN1C,PAX6,DHCR7,CHD4,PHC1,CIT,RALGAPA1,DACT1,SIX1,FBLN5,BRF1,CEP152,STRA6,CHRNA3,ARNT2,CREBBP,SALL1,CDH11,BPTF,GREB1L,SETBP1,CCBE1,SIX5,JAG1,ASXL1,NRIP1,TBX1,COMT,SHANK3,ATRX,CCNQ"
